label,score 0,score 1,score 3,score 4,score 8
0.0,1.0,1.0342462e-29,0.0,0.0,3.58787e-35
0.0,1.0,8.625078e-31,0.0,0.0,2.9149529999999998e-39
0.0,1.0,1.1659333e-31,0.0,0.0,8.758299999999998e-41
0.0,1.0,6.798526e-38,0.0,0.0,1.4916111e-37
0.0,1.0,3.1849418e-26,0.0,0.0,2.5443185e-26
0.0,1.0,3.6320259999999997e-31,0.0,0.0,2.7999999999999995e-44
0.0,1.0,2.4511818999999997e-26,5.9e-44,0.0,8.8926e-41
0.0,1.0,1.9435895e-28,0.0,0.0,1.938701e-37
0.0,1.0,1.6368683999999998e-33,0.0,0.0,8.751027400000001e-36
0.0,1.0,1.000639e-34,0.0,0.0,8.339999999999999e-42
0.0,1.0,3.798858e-32,0.0,0.0,4.04034e-40
0.0,1.0,0.0,0.0,0.0,0.0
0.0,1.0,2.2227720999999996e-31,0.0,0.0,0.0
0.0,1.0,2.231848e-22,0.0,0.0,8.600344999999999e-37
0.0,1.0,0.0,0.0,0.0,0.0
0.0,1.0,0.0,0.0,0.0,0.0
0.0,1.0,1.3894644999999999e-30,0.0,0.0,0.0
0.0,1.0,0.0,0.0,0.0,0.0
0.0,1.0,8.745089e-28,0.0,0.0,2.8222539999999998e-39
0.0,1.0,4.0784218e-19,0.0,0.0,1.6740338e-22
0.0,1.0,2.3475307e-28,0.0,0.0,4.4370714999999997e-29
0.0,1.0,1.1659780999999998e-38,0.0,0.0,0.0
0.0,1.0,1.295892e-26,0.0,0.0,0.0
0.0,1.0,1.8273199999999997e-40,0.0,0.0,0.0
0.0,1.0,1.6878580999999994e-30,0.0,0.0,6.2780217e-38
0.0,1.0,2.4818286e-32,0.0,0.0,5.0998529999999995e-37
0.0,1.0,1.6593415000000002e-36,0.0,0.0,0.0
0.0,1.0,5.2674162999999995e-17,0.0,0.0,7.526e-42
0.0,1.0,8.176733e-28,0.0,0.0,0.0
0.0,1.0,5.150995e-24,0.0,0.0,1e-45
0.0,1.0,5.5204687e-28,0.0,0.0,1.3459347999999999e-37
0.0,1.0,0.0,0.0,0.0,0.0
0.0,1.0,1.3999999999999998e-44,0.0,0.0,0.0
0.0,1.0,8.772074999999998e-38,0.0,0.0,0.0
0.0,1.0,6.652650999999998e-38,0.0,0.0,4.486321999999999e-31
0.0,1.0,1.15904595e-32,0.0,0.0,1.4619589999999998e-35
0.0,1.0,1.8706174e-26,0.0,0.0,4e-45
0.0,1.0,1.3300918999999996e-37,0.0,0.0,0.0
0.0,1.0,1.2963208e-28,0.0,0.0,0.0
0.0,1.0,0.0,0.0,0.0,0.0
0.0,1.0,5.295128e-28,0.0,0.0,3.883012e-34
0.0,1.0,8.656201999999999e-29,0.0,0.0,3.2613140000000004e-35
0.0,1.0,2.999999999999999e-45,0.0,0.0,2.5913e-41
0.0,1.0,5.0368794e-23,0.0,0.0,1.54949e-40
0.0,1.0,2.6339549999999998e-23,0.0,0.0,2.3254229999999998e-39
0.0,1.0,3.283090999999999e-38,0.0,0.0,0.0
0.0,1.0,1.8278050999999998e-36,0.0,0.0,1.2999999999999998e-43
0.0,1.0,4.55e-43,0.0,0.0,1e-45
0.0,1.0,2.999999999999999e-45,0.0,0.0,0.0
0.0,1.0,4.2395719999999996e-29,0.0,0.0,0.0
0.0,1.0,4.7850163e-25,0.0,0.0,6.801533499999999e-31
0.0,1.0,4.39e-42,0.0,0.0,0.0
0.0,1.0,2.647514e-38,0.0,0.0,3.6000000000000004e-44
0.0,1.0,1.0542976e-24,0.0,0.0,0.0
0.0,1.0,1.1159503999999999e-31,1.8000000000000002e-44,0.0,1.8666645e-30
0.0,1.0,9.743236999999999e-22,0.0,0.0,0.0
0.0,1.0,4.700754e-28,0.0,0.0,1.787908e-39
0.0,1.0,5.0420352e-29,0.0,0.0,1.3000000000000002e-44
0.0,1.0,1.7863977999999998e-28,0.0,0.0,2.7218e-40
0.0,1.0,9.628588699999999e-29,0.0,0.0,8.3454656e-32
0.0,1.0,7.907383e-26,0.0,0.0,1.3339262e-25
0.0,1.0,3.130501e-23,0.0,0.0,7.243257499999998e-32
0.0,1.0,8.190902e-14,0.0,0.0,4.0357839999999995e-34
0.0,1.0,6.885e-28,0.0,0.0,0.0
0.0,1.0,1.0551621e-25,0.0,0.0,5.493999999999999e-42
0.0,1.0,1.22698e-40,0.0,0.0,0.0
0.0,1.0,2.1737873e-36,0.0,0.0,0.0
0.0,1.0,1.7855335e-27,0.0,0.0,1.2134299999999999e-40
0.0,1.0,0.0,0.0,0.0,0.0
0.0,1.0,0.0,0.0,0.0,0.0
0.0,1.0,2.4015463999999998e-32,0.0,0.0,1.04e-43
0.0,1.0,9.384695999999998e-34,0.0,0.0,5.386024999999999e-37
0.0,1.0,5.0562629999999995e-39,0.0,0.0,0.0
0.0,1.0,9.36161e-39,0.0,0.0,0.0
0.0,1.0,8.019443e-34,0.0,0.0,1.6781509999999998e-30
0.0,1.0,7.756037e-26,0.0,0.0,3.059113e-39
0.0,1.0,7.599999999999998e-44,0.0,0.0,3.1045899999999997e-40
0.0,1.0,7.1743587e-28,0.0,0.0,4e-45
0.0,1.0,1.4991081e-35,0.0,0.0,3.6596671999999993e-35
0.0,1.0,3.8416569999999996e-33,0.0,0.0,1.2595e-41
0.0,1.0,2.3439885e-27,0.0,0.0,1.3985196999999996e-31
0.0,1.0,7e-44,0.0,0.0,2.5e-44
0.0,1.0,3.172864e-26,1e-45,0.0,8.720703999999996e-28
0.0,1.0,4.821317e-31,0.0,0.0,2.6063e-41
0.0,1.0,0.0,0.0,0.0,0.0
0.0,1.0,1.1245229999999999e-38,0.0,0.0,0.0
0.0,1.0,2.9615692e-24,0.0,0.0,1.379286e-33
0.0,1.0,1.2068273999999998e-32,0.0,0.0,1.6195999999999998e-41
0.0,1.0,5.254839e-37,0.0,0.0,1.7199999999999999e-43
0.0,1.0,4e-45,0.0,0.0,0.0
0.0,1.0,1.22751666e-32,0.0,0.0,5.91e-43
0.0,1.0,4.6014759999999994e-33,0.0,0.0,8.4152955e-37
0.0,1.0,4.5e-44,0.0,0.0,0.0
0.0,1.0,2.1051095e-34,0.0,0.0,7.579650999999999e-37
0.0,1.0,1.5648995e-32,0.0,0.0,0.0
0.0,1.0,5.563392699999999e-25,0.0,0.0,2.412392e-38
0.0,1.0,3.1126846e-17,4.899999999999998e-44,0.0,1.2646834e-29
0.0,1.0,5.50104e-40,0.0,0.0,0.0
0.0,1.0,8.204578e-19,0.0,0.0,4.649999999999999e-43
0.0,1.0,0.0,0.0,0.0,2.44e-43
0.0,1.0,1.9772671999999998e-25,0.0,0.0,3.135e-42
0.0,1.0,4.8601e-41,0.0,0.0,1.1332129999999999e-38
0.0,1.0,9.365334e-22,0.0,0.0,1.3773498e-35
0.0,1.0,4e-45,0.0,0.0,3.2e-44
0.0,1.0,7.946462999999997e-38,0.0,0.0,1.9788613e-38
0.0,1.0,2.1016999999999993e-41,0.0,0.0,0.0
0.0,1.0,1.8653187e-23,0.0,0.0,4.786535399999998e-31
0.0,1.0,4.9032083e-37,0.0,0.0,4.2999999999999996e-44
0.0,1.0,6.6807054999999994e-37,0.0,0.0,0.0
0.0,1.0,1.078e-42,0.0,0.0,0.0
0.0,1.0,3.2290815e-33,0.0,0.0,2e-44
0.0,1.0,0.0,0.0,0.0,0.0
0.0,1.0,6.6085107e-24,0.0,0.0,2.3319999999999997e-41
0.0,1.0,6.201019e-17,0.0,0.0,3.0516804999999996e-37
0.0,1.0,7.523895e-33,0.0,0.0,0.0
0.0,1.0,0.0,0.0,0.0,0.0
0.0,1.0,3.8016744e-15,0.0,0.0,2.982363e-23
0.0,1.0,1.2079932e-31,0.0,0.0,1.1641558999999999e-38
1.0,6.7022717e-07,0.9999976,1.8599691000000002e-10,7.525195599999999e-26,1.7107817e-06
1.0,5.5974856e-06,0.9999771,1.7307762e-05,1.5645898e-16,4.9220304e-08
1.0,2.5446642e-08,0.9999932,3.767328e-10,1.2403731e-24,5.9383103e-07
1.0,4.773816e-08,0.99999964,2.7459288e-07,4.1798987e-28,3.150585e-08
1.0,1.7789182e-05,0.9998933,1.457931e-07,9.557649e-18,2.9917457e-05
1.0,6.554799000000003e-08,0.99998486,1.7245886e-06,7.473281e-29,1.294486e-08
1.0,8.877726e-07,0.99999535,3.752148e-06,1.1279338e-22,8.267103000000002e-09
1.0,1.3802371e-07,0.9999999,3.2526624e-11,3.0417335999999997e-28,2.6127134e-09
1.0,1.1495537e-05,0.9999883,2.1645148e-10,5.8344453e-21,1.08366045e-08
1.0,2.583441e-06,0.99951184,2.500351e-08,1.7351551e-17,0.00018313524
1.0,2.8153125e-05,0.99997103,1.7560976e-07,8.945999e-21,6.964922e-07
1.0,1.2469089e-08,0.9999876,3.4151962000000004e-10,7.0886465e-24,2.2418272e-09
1.0,9.68053e-07,0.9999976,6.207231e-07,1.9088214999999998e-22,2.151244e-07
1.0,2.5648578e-06,0.99999726,2.099658e-08,2.428221e-22,2.0029612e-08
1.0,8.786473000000001e-11,0.9999993,2.2336424e-08,3.0769498e-30,6.030964000000001e-11
1.0,1.4190383e-05,0.99998534,2.836887e-07,3.9070697999999996e-19,9.050657e-08
1.0,1.2189483e-07,0.9920019,9.081221e-08,4.656014600000001e-19,0.00047099346
1.0,5.4975726e-07,0.9999883,2.6117413e-09,1.6005858e-25,1.06712105e-05
1.0,0.0007233872999999999,0.99926275,9.445694e-10,1.5475832999999999e-21,8.025373299999998e-07
1.0,1.6470973e-10,1.0,1.0656895e-14,2.6291186e-29,3.7075405e-09
1.0,3.255093e-08,0.9999995,2.5291854e-07,9.173734999999999e-26,1.2424368e-08
1.0,1.924002e-06,0.9999981,5.910377e-13,1.056562e-32,3.112047e-11
1.0,1.1411723e-08,0.9989716,5.2944578e-09,1.2678847e-18,6.8334393e-06
1.0,7.2877306e-08,0.9999616,1.9256248000000002e-11,4.5542654e-21,7.9052177e-07
1.0,1.4355535e-07,0.9999999,8.829077e-12,1.3667366e-33,1.7133284e-09
1.0,1.02706135e-05,0.9999765,1.5099953e-08,2.8047390000000005e-15,6.750410000000001e-06
1.0,0.0015782443,0.992622,1.2122578000000002e-08,3.607843e-16,0.00018404041
1.0,8.8519255e-06,0.9999912,1.2891862e-09,1.0001796e-27,2.9881527999999997e-10
1.0,8.648024000000002e-07,0.99999917,3.285675e-12,7.333824999999999e-27,2.2259676e-10
1.0,7.543999000000001e-08,0.9999969,5.947158e-12,1.1688499e-18,3.1501781e-09
1.0,1.5793943e-07,0.99996984,5.4217953e-06,5.519362e-18,2.37828e-05
1.0,9.956727e-07,0.999997,1.9385572e-08,9.580019999999999e-28,1.0725862e-08
1.0,0.019972704,0.9800071,8.6937435e-10,1.2340413e-26,2.0135101e-05
1.0,4.1837693e-09,1.0,4.776964400000001e-10,4.4075873999999996e-27,3.1739580000000003e-08
1.0,1.4804394e-09,1.0,1.7666088e-14,2.4348761999999998e-31,4.197439e-12
1.0,1.9270422e-08,0.99999976,2.6292385e-10,3.6942682999999997e-28,1.3962844e-07
1.0,6.224663999999999e-08,0.9999999,2.7950888e-12,7.646916e-21,1.6560695e-09
1.0,1.6943599e-05,0.9999076,5.117135599999999e-10,3.5719283e-21,6.4492175e-05
1.0,7.4905724000000014e-06,0.9993167,0.0006757679,4.9061823e-21,4.471845999999999e-09
1.0,1.0729086e-06,0.9999962,1.8288903e-09,2.4213676e-19,2.5951158e-06
1.0,5.525553000000001e-07,0.99999917,2.754107e-11,7.126659e-24,3.3885857e-07
1.0,0.00014508341999999998,0.9998511,3.9303883e-11,9.531966999999999e-28,3.7917016e-06
1.0,3.1082774e-09,1.0,4.0734105e-10,1.0495637999999999e-29,9.2437455e-12
1.0,8.804599e-07,0.99999714,6.727447e-11,2.6185274e-17,6.337557e-08
1.0,4.2380176e-08,0.9999964,6.418018e-09,8.612496999999999e-29,1.2244132e-07
1.0,3.298207e-08,0.999997,2.8632212e-06,7.210479e-26,2.459504e-09
1.0,9.4425627e-07,0.9999975,2.2247626e-10,1.2758990000000002e-20,5.369804499999999e-07
1.0,0.0002903727,0.9997063,3.2178837000000007e-06,1.0238466e-16,1.7716724e-08
1.0,1.653743e-07,0.9999244,6.9791177e-09,8.2811685e-22,2.072394e-05
1.0,1.5975614000000002e-07,0.9999999,1.6778331999999998e-12,7.171847999999998e-26,8.275836e-12
1.0,4.539501e-05,0.9999546,2.9023362e-11,2.3505447999999997e-26,1.8165919e-08
1.0,1.3926889e-08,0.9999778,3.4647172e-07,4.4162503e-23,4.990539e-09
1.0,5.3873546e-06,0.99999464,1.19042646e-14,8.472786e-28,5.599625e-09
1.0,4.32471e-06,0.9999956,6.737944e-14,8.776309e-33,3.5678536e-08
1.0,1.1703295e-06,0.9999988,7.914989e-12,5.764584e-33,7.055882e-12
1.0,0.00013484144,0.9998505,8.665618e-09,5.825047599999998e-17,3.3987826e-06
1.0,1.8822946e-05,0.99997914,9.92145e-07,9.2252184e-23,4.369205200000001e-07
1.0,1.5673911e-06,0.99999845,1.3573813e-08,9.096806e-28,1.2570730000000002e-09
1.0,4.236699e-08,1.0,1.00518714e-13,1.8069254e-27,2.2297830000000007e-12
1.0,1.6418733e-07,0.9999994,8.8012674e-11,8.659764e-29,4.4024543e-07
1.0,3.0964653e-05,0.999969,5.1618717e-16,2.9517365e-29,1.1245872e-11
1.0,2.3048124e-06,0.9999908000000002,4.2870445e-07,8.6191315e-19,6.434888e-08
1.0,1.0570542e-08,0.99998236,4.170035e-08,2.001027e-18,2.0622586e-08
1.0,2.4676456e-08,0.99999976,1.958339e-10,7.671849499999998e-18,5.1835997e-08
1.0,1.0397058e-05,0.9999875,2.1757323e-06,1.4812118000000003e-20,2.5849785e-08
1.0,6.946634e-05,0.9999014,1.4797799e-05,8.503064999999999e-16,5.06901e-06
1.0,9.9920326e-05,0.99989927,1.188046e-08,6.554335e-20,8.160635000000002e-07
1.0,1.2713458e-06,0.9999982,4.8383686e-07,5.170774e-23,4.4111270000000005e-09
1.0,0.0022171906,0.9975841,4.1454498e-09,6.2001184e-17,2.7104565e-05
1.0,1.0998855e-05,0.99996996,1.7323663000000002e-08,1.0823034599999996e-13,9.830833e-06
1.0,1.9208741e-07,0.9999995,5.5084366e-12,9.880098999999999e-31,1.8882957e-08
1.0,2.78513e-05,0.99997175,9.814494e-10,1.5312877e-20,1.0832505e-07
1.0,5.4849834e-06,0.9999907,1.32808e-10,2.5796856e-24,3.1727607e-06
1.0,0.008981395500000001,0.99064434,0.00013900206,2.1406682000000004e-18,7.064612e-05
1.0,2.7311858e-06,0.99999726,7.897116e-10,4.8340144e-22,2.598182e-08
1.0,1.3386622e-06,0.99999726,9.6157665e-11,2.760823e-26,1.4435501000000003e-06
1.0,5.330695e-07,0.9994093,8.6300545e-08,2.6660354e-20,4.3655396e-06
1.0,2.039053e-09,1.0,1.153075e-13,3.4768487e-26,1.1659458000000002e-10
1.0,2.4434377e-07,0.99999976,8.826307e-10,2.3909107999999995e-28,2.1526101e-12
1.0,3.3067394e-07,0.9999995,8.813679999999998e-08,1.1650164e-17,1.2764881e-09
1.0,6.3895726e-07,0.99999845,4.6791036e-11,1.7290185999999998e-27,2.1599848e-07
1.0,3.8190775e-09,1.0,4.8094943e-13,9.355969e-24,3.4555176e-09
1.0,1.510345e-08,1.0,1.2490743e-11,6.9325376e-30,2.6101357e-11
1.0,5.5248962e-05,0.99991834,1.498234e-05,4.1957253e-13,7.8511425e-07
1.0,3.5895826e-07,0.999969,6.17362e-11,5.187495e-23,8.000059e-06
1.0,4.6716522000000014e-08,0.99999964,2.2699498e-10,3.913728e-22,3.7377674e-08
1.0,4.158025e-06,0.9999944,1.9311381e-08,2.5116882e-20,1.418006e-06
1.0,5.1391723e-08,1.0,2.3397118e-10,1.3918319999999998e-28,3.5452273e-11
1.0,2.2572028e-06,0.9999949,4.2542387e-09,5.0555848e-15,1.9151892e-07
1.0,2.0439953e-05,0.9999794,2.6570257e-08,6.980378e-21,1.1929673e-07
1.0,2.165949e-07,0.99999976,9.072074699999999e-13,5.333454e-31,6.552441999999999e-13
1.0,1.0488176000000003e-05,0.9998964,2.664773e-06,1.6362564e-17,5.292485500000001e-07
1.0,4.571174200000001e-05,0.9999505,7.106276e-10,1.4700344e-20,5.353645000000001e-07
1.0,1.6779168e-08,1.0,5.763265000000001e-09,5.1064276e-24,6.0854384e-11
1.0,4.2217515e-08,1.0,5.277028e-10,5.7771873e-24,3.5420522e-10
1.0,2.202892e-06,0.9999963,3.4105667e-09,1.407553e-18,1.4766995e-06
1.0,3.954101e-07,0.99984646,7.833313e-06,1.2243694e-15,4.131897700000001e-05
1.0,3.179976e-07,0.99999964,1.2440512e-09,8.676539e-27,3.8472274e-11
1.0,5.394061999999999e-07,0.9991092,0.000102728925,3.023759e-14,0.0005558465
1.0,4.263248e-05,0.99990344,4.1239797e-05,3.8285987000000006e-20,5.0906897000000006e-06
1.0,5.127079e-06,0.99999475,6.439594e-11,1.5083777e-25,2.932562e-08
1.0,5.7244844e-08,0.9999999,1.3398878000000001e-10,9.996945e-24,5.6971740000000005e-09
1.0,4.780924e-06,0.999995,3.0951307e-11,1.52260045e-24,2.1851342000000006e-07
1.0,4.2829397e-05,0.99995124,1.5708401e-09,7.663360000000002e-22,5.6735594e-06
1.0,0.00025853532,0.9997414,5.2605862e-12,2.8689486000000004e-20,2.5192042000000002e-08
1.0,9.062816e-11,1.0,2.3661167e-11,1.2357801e-26,8.848053e-10
1.0,7.9221345e-06,0.99999213,8.673179e-09,5.312585e-29,3.2068888e-09
1.0,0.00022567157000000004,0.9957273,2.3242526e-05,1.2284298999999998e-14,0.00093362073
1.0,3.1367342000000008e-06,0.9999939,3.4513184000000004e-14,4.7186205e-20,1.9150586000000003e-06
1.0,7.278035e-07,0.9999993,5.7532745e-10,1.1421849e-27,2.4965986e-12
1.0,3.8138345e-10,1.0,7.690385599999998e-14,2.0979656e-35,1.3030158999999998e-10
1.0,4.0626483e-07,0.9999994,1.1253161e-08,1.6179204e-26,1.1285638999999998e-08
1.0,0.007110888,0.9928888,3.9391312e-09,3.833456e-21,3.9966785e-09
1.0,3.335256299999999e-08,1.0,2.5437763e-10,5.922736999999999e-27,4.653800000000001e-10
1.0,3.14066e-09,0.99999976,2.6378444e-09,1.0266171e-20,7.701144e-10
1.0,5.925062200000001e-05,0.99994075,1.0283854e-08,2.0639174e-18,2.8213131e-08
1.0,2.2282384e-07,0.99999976,3.6058323e-11,3.2813604e-24,3.1258272e-09
1.0,7.390744999999999e-08,0.9999999,5.201997e-10,2.1499539e-21,1.5864900000000002e-09
2.0,1.859551e-08,0.00021542079,0.00042846406,5.3688477000000004e-11,0.00015805483
2.0,4.778188e-09,4.4869697e-10,1.0262959e-06,0.00022730078,0.009141586
2.0,1.2493941e-09,3.3343049999999995e-09,1.0878305e-05,1.0059553e-10,2.5133351e-05
2.0,6.868489e-12,5.339777e-19,1.5790423e-09,0.00024825520000000003,3.5938070000000005e-05
2.0,2.5480982e-09,1.1890464e-09,4.789153e-07,8.710245e-09,0.00063091645
2.0,4.1905617e-09,3.7059213e-11,2.617488e-10,9.846275e-11,0.040439792
2.0,1.3902162e-12,1.0163682e-17,1.6871253e-09,2.6450043e-06,2.935583e-07
2.0,3.9198302999999996e-14,1.711476e-19,3.0555192e-12,3.0980775e-08,1.479836e-06
2.0,2.9895503000000003e-11,3.0425423e-11,6.833609e-05,6.9794132e-06,8.905043e-05
2.0,4.611338e-12,3.5896546e-09,9.796306e-05,7.737931e-08,2.9628512e-05
2.0,4.3603727e-13,3.9325327e-14,6.102086e-07,3.108197e-10,6.3409884e-06
2.0,1.2353338e-09,7.813677e-12,3.889053e-08,5.632768000000001e-07,2.1848082e-05
2.0,4.187447e-08,5.794788000000001e-07,0.00053758017,1.1470787e-07,9.491971e-05
2.0,1.2620662e-06,1.7641654e-06,3.646743e-05,2.791331e-07,0.0004659745
2.0,8.148891999999998e-07,4.7515230000000006e-08,0.00018397346,5.8175087e-06,0.0008102397599999999
2.0,6.856509e-06,6.6281217e-07,0.00027131353,5.615802e-05,0.009277622
2.0,5.49678e-10,1.0882079e-09,3.59483e-05,1.3014212e-05,0.00045555836
2.0,1.3067916e-08,1.6838911999999998e-08,2.2459466e-05,1.7015268999999996e-14,0.00020404099
2.0,9.134053e-10,1.2015339e-11,5.467389e-06,2.0122160000000006e-05,2.049971e-05
2.0,1.4101646000000005e-10,2.683677e-08,1.8675833e-05,4.18061e-05,1.7879505e-05
2.0,3.069944e-14,2.5332928e-19,1.782686e-12,3.168617e-09,8.0444934e-08
2.0,9.68044e-09,4.620299e-11,6.7287753e-09,1.7815320000000002e-11,0.0060042203
2.0,3.3354625e-11,2.7482436e-11,5.1881452e-05,6.4637e-11,0.00017508256
2.0,2.8513767e-09,2.35705e-06,0.0011501126,1.3964588e-05,5.617332e-05
2.0,2.5407666e-15,1.6683798999999998e-16,2.9242617e-06,8.381586999999999e-05,7.006002999999999e-07
2.0,1.1653561e-10,1.2345706e-08,1.8306504e-07,3.8769397e-09,0.00023085349
2.0,2.7068321e-08,8.0063614e-08,0.0006604301,6.0311544e-05,0.000528943
2.0,9.6936446e-08,3.0492345e-08,3.520534e-05,6.834707e-12,0.0070945155000000015
2.0,2.4616523e-07,1.2036627e-09,0.00014535162,0.00017881232,0.001673449
2.0,8.016750999999999e-08,3.042421e-08,1.0103378e-05,0.000285645,0.034168016
2.0,1.04232095e-05,4.1701760000000005e-06,5.949880999999999e-07,3.7048277e-08,0.011929881000000002
2.0,5.963971e-10,1.7598079999999996e-07,0.0034164262,0.014108971,1.4944175e-05
2.0,1.2548863e-09,7.999938000000001e-12,2.6975806e-07,6.4474495e-11,1.8591452e-06
2.0,5.5722524e-09,4.8946937000000005e-08,9.92304e-05,4.1966493e-07,0.00092720805
2.0,7.933657e-08,3.2971455e-11,6.305387999999999e-08,8.956674e-11,0.0008848982
2.0,6.478969999999999e-10,1.2302291e-07,0.0026235771,0.0007933150599999999,0.00061399373
2.0,3.1946972999999997e-10,5.9957443e-12,1.8138125e-07,5.925965e-10,0.00035901730000000004
2.0,2.5221883e-10,5.5259725e-10,0.00016006373,0.0045729014,2.5394229e-05
2.0,1.0196486e-08,4.1916333e-06,3.9962248e-05,9.657291e-11,0.039672084
2.0,3.9380157999999997e-16,1.7426824e-18,1.8114494e-11,3.739436e-15,2.80255e-07
2.0,2.1077403e-06,2.4201386e-06,0.0006057914,3.9407005e-06,0.014275853
2.0,3.0359686e-13,6.700637299999999e-16,1.8484787e-08,2.3170175e-08,2.5052266e-06
2.0,5.151918e-09,1.326849e-10,5.778535000000001e-06,2.6705688e-05,0.00023124756
2.0,2.3622846000000003e-08,3.254878e-09,2.0627108e-07,1.1281329e-12,0.00092477497
2.0,2.2062918e-06,6.5017525e-07,0.00011665636,1.6505743e-10,0.00037398416
2.0,1.9149554e-19,1.3155578e-24,1.7300743000000001e-15,3.1539087e-17,6.795155400000001e-08
2.0,2.552054e-12,1.3204397e-16,7.145093000000001e-09,7.5453943e-10,6.409341999999999e-07
2.0,1.7244328e-06,1.969222e-09,8.579477699999999e-10,6.827846999999999e-11,0.00022676539
2.0,1.7041585e-11,4.2592605999999996e-13,3.895507e-06,3.7998666e-16,1.1157323e-06
2.0,1.7289538e-11,8.828026500000001e-11,0.0010120843,0.0005994946,0.0002195008
2.0,1.0949505e-09,2.5542848e-09,0.00037541153,4.603113e-09,0.0002371172
2.0,9.560655e-11,1.0979613e-10,4.934902299999999e-07,9.8631425e-08,0.000333519
2.0,2.6789877e-07,0.0015296299,0.017108839,2.9575924e-08,0.0008997333999999998
2.0,2.7336154e-11,3.0854333e-11,4.569965e-06,9.58881e-07,1.8106652e-05
2.0,7.493408000000002e-11,1.2120143e-09,0.0011044414,0.0032203284000000003,6.477199000000001e-05
2.0,1.8091197e-07,4.9919158e-09,1.9785048e-06,2.5213862e-05,0.00021661657000000004
2.0,1.9629614999999998e-13,2.4630903e-14,4.0401620000000005e-09,9.738778e-06,0.0003685164
2.0,7.427906999999999e-09,2.0184207e-05,6.472196e-07,3.7364607e-13,0.034520425
2.0,7.161738400000002e-10,5.134742e-09,1.8638746e-05,5.7289293e-09,0.00034211713
2.0,1.6175562e-10,3.0103348e-12,7.0562005e-06,1.5862602e-07,2.3797742e-05
2.0,2.886512e-14,4.39612e-14,2.2918331e-07,1.2614499e-06,2.4111592e-05
2.0,1.2796019e-09,2.5750532e-10,2.853789700000001e-06,4.130165e-05,0.00056188647
2.0,2.1324722999999998e-10,3.838179e-12,1.3151027e-05,0.02662891,1.9335568e-05
2.0,3.3777889e-07,1.9966021e-06,3.958005e-05,4.9159983e-09,0.0043457043
2.0,9.195818e-08,9.1540635e-08,3.206086e-05,0.6196896,0.0076445807
2.0,4.7565993e-07,1.2093014e-08,5.572424e-06,1.2618357e-11,0.011185775
2.0,3.0533334e-13,1.7346713e-16,4.959695999999999e-07,3.857825999999999e-05,1.1606759e-05
2.0,9.447659e-10,4.602628e-11,2.5592444e-06,5.022735000000001e-07,0.00018049432
2.0,4.9392822e-14,3.9880209999999995e-15,3.8353214e-12,3.0229952e-09,0.00018982256
2.0,6.27157e-10,7.628620699999998e-11,1.1106674e-06,3.0667415e-08,3.363094e-05
2.0,2.2516805e-10,2.5053914e-09,6.903699e-06,3.2431446999999997e-13,0.00010004417
2.0,1.0244743e-12,6.3186187e-19,1.7418647e-13,2.7695688e-17,8.9736284e-05
2.0,3.1758836e-06,1.4190329e-09,5.050382e-07,1.0833086e-11,0.0032943347
2.0,7.979849e-13,2.9765815000000005e-11,1.6883367e-07,9.2835757e-07,6.7648944e-06
2.0,1.4091702e-13,8.912056999999999e-17,1.9868953999999998e-10,1.0322544e-12,2.67535e-05
2.0,9.662366e-10,6.446903000000001e-11,9.863724e-06,9.756798e-06,0.00041458168
2.0,6.0230167000000004e-15,8.185178000000001e-21,4.0965321000000004e-13,1.0293294000000001e-13,9.3203096e-07
2.0,2.6417648e-12,7.937972e-15,1.3114893999999995e-06,1.4954568e-12,1.3347111e-06
2.0,7.451882e-09,6.6924737e-13,5.487988e-10,3.8004902e-10,0.00024105287
2.0,1.613595e-05,2.7615423e-09,4.0473047e-08,1.202442e-14,0.0041317665
2.0,1.951492e-13,4.249055e-14,1.5654237e-05,3.6755962000000003e-10,1.1679701e-06
2.0,2.2791868e-05,2.1306565e-05,0.0010664247,7.346366999999999e-05,0.017216483
2.0,1.4956470999999998e-07,1.2686492999999998e-07,0.0005636977,4.8328124e-09,0.013119759
2.0,2.881842e-07,4.6175495e-09,0.0005171383999999999,7.235588e-05,0.006894409000000001
2.0,3.0344088e-05,1.8296926e-10,5.055778e-07,8.8522724e-11,0.0006814833
2.0,1.4201041e-09,9.72418e-09,5.195524e-06,8.096642999999997e-08,0.0019520851
2.0,3.9004906e-09,3.261227e-07,9.743279e-06,8.964602400000001e-10,0.05954303
2.0,2.172223e-14,7.974418499999998e-21,3.457414e-13,5.9630205e-15,3.2558652999999996e-10
2.0,4.8955816e-13,1.8871366e-14,2.2626928e-08,2.6722863e-14,6.9885737e-06
2.0,7.988786299999999e-10,3.1212555e-09,6.996763e-10,3.6257967e-14,0.00022066156
2.0,2.7546483e-05,0.001848708,1.45866525e-05,1.0513214999999999e-11,0.0074077137
2.0,5.257048e-10,8.494343e-12,3.970035e-06,1.043988e-06,3.179132e-05
2.0,3.6404013e-12,2.8374023e-09,4.179085e-05,8.890048699999999e-10,4.901353e-05
2.0,4.178398000000001e-12,6.519147e-14,4.5722615e-07,4.0899396e-14,9.230247e-06
2.0,1.7850967e-11,1.4341017e-09,0.00016008627000000002,1.9351154e-07,3.0504773e-06
2.0,9.010004e-10,9.072993e-08,0.0023909376000000003,2.2133981e-06,3.3986023e-05
2.0,8.206858e-12,5.7751630000000005e-11,2.850149e-06,5.575413399999999e-07,1.4805166999999996e-05
2.0,3.5665882e-13,3.7455292e-14,2.8429238e-06,0.0027265742,5.787392e-06
2.0,2.3221014e-09,3.0838103e-09,4.744923e-05,5.676441e-06,0.002571913
2.0,6.067371e-07,4.2722357e-07,8.520077e-06,6.612972e-06,0.016306163999999998
2.0,7.430131999999998e-07,3.600763700000001e-07,0.00026683442000000003,5.186932e-06,0.022061009
2.0,3.944673e-06,2.9031562e-05,0.0017353601,0.025072185,0.0023316862
2.0,2.0630269e-09,4.269358e-09,1.6039896e-05,1.0530983e-09,0.00031159382
2.0,9.450952e-12,3.1357367e-10,1.22203355e-05,1.588826e-10,0.0007420796300000001
2.0,1.589496e-10,8.951126999999998e-11,1.2662693e-07,9.176754e-16,1.957132e-06
2.0,1.7922083999999995e-06,5.402249e-10,4.809762e-06,4.1946603e-08,0.00019996049
2.0,1.6806252e-08,8.2433e-08,0.00021144154,6.620457e-06,0.0051280605
2.0,8.142994599999998e-11,2.601248e-11,5.2724965e-07,1.2801406e-05,0.0002684762
2.0,1.1508611399999999e-10,2.5649479000000002e-14,2.6143804e-10,3.0916540000000016e-13,1.7087896000000002e-05
2.0,6.121955000000001e-17,3.6231913e-20,1.7211937e-09,5.275657e-12,5.714503000000001e-09
2.0,9.988653e-07,1.1005818e-08,3.0002818e-07,3.910019e-17,0.00060031627
2.0,1.23625545e-08,3.6377622999999997e-10,1.8810051e-05,4.406105e-09,7.5371886e-06
2.0,2.39186e-12,1.4882347e-14,4.2638582e-10,1.5497237e-05,1.6746181e-06
2.0,2.5560545e-12,2.0648298999999997e-12,2.847659e-08,8.752922e-12,1.0492009e-06
2.0,1.9506356e-12,2.3668945999999998e-17,5.2466413e-09,7.076427599999998e-07,4.108202e-06
2.0,3.4432258e-13,9.689075e-16,8.078463e-09,1.2359301e-06,9.947352e-06
2.0,5.032278000000001e-07,8.574703999999999e-09,1.9454762e-07,3.3575194e-08,0.001895986
2.0,7.3224106000000015e-19,8.684782e-24,5.10448e-12,1.3323849e-21,5.136689e-09
3.0,2.336224e-05,0.0015262801,0.9978928,3.2162110000000004e-14,0.000543787
3.0,2.4863613e-11,1.5899053e-08,0.9958204,1.6097316999999996e-06,1.35016235e-05
3.0,6.0508096e-12,3.4439789e-09,0.99998915,8.245220599999998e-10,2.0140786e-07
3.0,3.7141413e-07,0.000109550565,0.99549747,0.0001271307,0.000576156
3.0,1.0067259e-09,8.908175e-08,0.99983394,1.7328881e-11,5.546871e-07
3.0,2.245514e-10,9.608366e-07,0.9999949,1.1714213e-10,3.5726894e-06
3.0,4.3623536e-09,8.5114325e-06,0.95937634,3.0828894e-06,1.748324e-05
3.0,1.195568e-07,9.732598e-06,0.9873754,0.0076699774,0.0033248826
3.0,9.640939e-13,2.1673342e-08,0.99999964,9.764152e-13,4.0557278e-09
3.0,7.450095e-13,3.9253485e-09,0.9998926,2.1100143e-06,7.634837e-08
3.0,5.980684e-07,1.8339917e-05,0.9811359,5.8268156e-06,6.311183e-05
3.0,6.460531e-10,3.9259317e-06,0.99997866,6.7801824e-13,1.7397881999999998e-07
3.0,4.3642934e-10,7.103591e-05,0.9996798,1.2368415e-11,2.5427113e-05
3.0,5.3975597000000014e-08,1.3638367e-05,0.9999578,1.88639e-10,2.6466743000000006e-05
3.0,1.2882757000000002e-07,9.8345736e-05,0.9996613,1.1641784e-09,0.00022009511000000006
3.0,6.3884933e-09,4.1704643e-06,0.9468364,8.182495e-07,0.0005224558000000001
3.0,3.1631925999999997e-13,1.06344146e-07,0.9999981,1.9003481e-10,2.2776163e-08
3.0,1.35595025e-11,7.743706e-08,0.9998969,1.6087505e-08,3.364569e-05
3.0,4.572697000000001e-13,5.167931599999998e-10,0.9999796,1.1943421e-08,2.2872255e-08
3.0,8.385414e-15,1.2059285e-09,0.9986871,4.7287365e-11,2.7369383e-08
3.0,1.483074e-10,7.706350400000002e-07,0.9932128,3.6821993e-10,8.504408e-06
3.0,2.9219841999999996e-13,1.09392815e-08,0.999962,1.4927010999999994e-11,4.14819e-08
3.0,2.0372251000000005e-07,3.0261162e-06,0.99984217,4.75965e-10,2.6092539e-05
3.0,2.0987443e-11,8.442331e-07,0.99999654,1.5340698e-10,6.4839966e-08
3.0,1.2122454e-05,0.0012655067999999998,0.99668163,3.4402665999999995e-07,0.00036035074
3.0,1.4036796000000001e-12,3.2895247e-09,0.9999975,3.49389e-08,2.2939521e-07
3.0,2.413516e-09,7.015218e-06,0.9999418,2.6661698e-12,5.1876435e-07
3.0,4.1941103e-06,0.00058198365,0.8493423000000001,1.2789173e-05,0.0003766937
3.0,1.27350925e-11,4.783008e-08,0.9859196,8.349744e-12,6.290606e-06
3.0,7.769044699999998e-07,7.921369000000001e-05,0.9368185,2.7496466000000006e-08,0.03968754
3.0,1.0670738000000004e-08,9.692433e-05,0.99947566,5.5734159999999995e-11,5.368000699999999e-05
3.0,1.1222326e-09,5.027065e-06,0.9999931,8.383995e-15,1.9773432e-07
3.0,7.505298e-08,0.000427624,0.9988751,1.1491541e-08,3.1348256e-05
3.0,2.3601692e-15,5.968345e-11,0.99999535,9.083476e-10,1.397026e-08
3.0,3.2724616e-14,2.16315e-11,0.9998235,2.0122139e-10,5.30124e-08
3.0,2.4552147e-09,8.0171725e-07,0.9999987,1.6653826e-10,4.5563695e-07
3.0,2.831988e-10,1.5341183e-07,0.99732083,4.0905724e-07,1.6664104e-05
3.0,4.328833e-10,0.00014741367,0.9996164,1.9481597e-11,1.8314453e-05
3.0,2.914088e-11,3.7558533e-07,0.9983854,5.653387e-09,2.862871e-06
3.0,1.3832732e-08,8.947273499999999e-05,0.9998965,1.0079528e-10,1.1189954e-05
3.0,5.635967e-13,1.8295852e-06,0.99999785,4.2029496e-12,5.058299e-08
3.0,1.4618154e-12,1.3306269e-09,0.9999702,2.4152572e-12,4.627517e-09
3.0,2.0330679999999998e-11,4.0319952e-07,0.9996326,1.1474747e-09,1.7096893e-06
3.0,9.927213999999999e-12,3.2973313e-07,0.99999607,9.204695e-14,9.490488e-07
3.0,1.6088395e-12,3.2351412e-07,0.9999924,7.758686e-11,6.372591e-07
3.0,2.663962e-08,2.2644563e-05,0.97779524,1.1030673999999998e-08,8.001682499999999e-06
3.0,1.0862057e-09,5.781339e-05,0.99967027,5.442973e-10,1.6000962e-05
3.0,1.0753468e-15,7.476035e-09,0.9999999,5.0117835e-18,4.4952264000000004e-10
3.0,2.417714e-07,0.0034808046000000003,0.996512,1.5838238e-09,5.799962799999998e-06
3.0,6.704765e-10,6.305994000000001e-07,0.99676955,1.10037504e-07,6.1023053e-07
3.0,1.9755305e-13,1.6794998e-07,0.999985,1.3314677e-15,1.4459606e-09
3.0,3.773207e-09,0.0012122296,0.9982786,4.8796783e-10,1.2352861e-05
3.0,4.829398e-07,0.00040749626,0.99930334,3.935398e-14,0.00018697914
3.0,1.0432041e-14,1.7943494e-09,0.9999989,9.806831e-09,1.936255e-08
3.0,1.8479274e-10,0.00016243412,0.99976236,2.0638515e-15,3.0019248e-07
3.0,1.1290850000000001e-12,1.9738769e-08,0.9999709,4.9582492e-15,1.4425673000000002e-07
3.0,3.1778764e-11,0.00013927628000000002,0.9998276,4.4446855e-09,2.132473e-06
3.0,9.208273e-08,0.005706043,0.9942907,1.879099e-12,1.4442126000000005e-06
3.0,2.186516e-09,3.5001398e-05,0.99959546,6.469725000000001e-08,1.6767473e-06
3.0,4.3259543e-09,1.77993e-05,0.9999709,1.1324681e-06,8.139895e-06
3.0,1.0564917e-09,0.0006754657400000001,0.9993192,4.9140559999999995e-12,2.901589399999999e-06
3.0,3.558984200000001e-06,9.111195e-05,0.99946934,1.9209598e-09,1.2752921e-05
3.0,4.1312875e-10,5.4686774e-05,0.99994266,1.646552e-16,2.1264996e-06
3.0,1.9551001e-10,2.0197964e-05,0.99997914,1.0868105599999997e-13,2.1691651e-10
3.0,1.4230618e-09,2.5686913e-05,0.999746,2.4737150000000003e-08,2.9556068e-05
3.0,6.0447767e-09,3.025056e-06,0.99953187,2.4766548e-06,7.89509e-06
3.0,4.747439e-12,8.586604e-08,0.9999999,2.638945e-14,2.2837658e-09
3.0,2.4047657e-07,0.00023878308,0.99801385,9.961523e-08,0.0006125910400000001
3.0,8.897464999999998e-07,0.0017279256,0.9869801,3.793776e-09,0.0076604714
3.0,3.0659970000000007e-15,8.203016e-11,1.0,3.0588692000000004e-16,1.2814207e-10
3.0,9.718207e-12,3.652388e-07,0.99998605,3.6331326e-12,6.7082243e-07
3.0,1.7019922e-10,2.7334733e-07,0.9890771,2.9947753e-09,6.892482e-05
3.0,2.3265573e-08,8.93068e-05,0.9999056,8.336705e-10,1.4240283e-06
3.0,3.7197276999999997e-13,1.6364143e-05,0.99976856,6.497132500000001e-17,1.2477079e-09
3.0,9.325063e-11,9.169883e-08,0.9999652,5.864321999999998e-06,4.976422500000001e-07
3.0,8.311288e-15,8.3978925e-08,0.9999999,1.7995854e-12,5.851452e-10
3.0,5.201932e-13,2.5136235e-10,0.9999927,5.663707000000001e-06,5.5038415999999987e-08
3.0,4.520615e-07,0.00026896040000000003,0.9997129,2.2504473999999997e-12,6.019352400000001e-06
3.0,5.0287667e-08,9.622622e-06,0.9999292,2.0100634e-10,6.352691e-06
3.0,3.4390227e-11,2.2777968e-09,0.99900645,1.4598357e-08,3.727752e-05
3.0,3.9306975e-08,4.802963e-05,0.99975663,2.1563096e-09,0.000116549454
3.0,1.06834095e-05,6.327469e-05,0.9998683,3.456702e-10,1.6496966e-05
3.0,1.0843303000000002e-15,8.098920000000001e-09,0.99995744,8.5583046e-10,3.4270720000000004e-07
3.0,4.8771494e-07,7.187765000000001e-05,0.99974567,2.3943586e-10,4.4011984e-05
3.0,2.6864793e-08,0.0029583692,0.71606505,1.1157538999999999e-10,5.6581234e-06
3.0,7.390409e-09,7.8928875e-05,0.99938107,3.2442868e-12,3.6537375e-07
3.0,2.7759055e-08,3.972604e-05,0.99995637,2.226956e-13,2.9739824e-06
3.0,1.880806e-08,5.994809e-07,0.9996512,5.074437e-07,8.602648000000001e-06
3.0,2.7854138e-10,3.2539444000000004e-07,0.999915,7.638417e-08,9.836027e-07
3.0,4.8824336e-09,3.5717752e-05,0.99995875,1.1739448e-13,3.7687187e-06
3.0,3.083912e-11,3.9226175e-06,0.99999523,1.2268439000000002e-13,2.2835462e-07
3.0,4.4061428000000004e-11,1.3701771000000002e-06,0.99999213,1.2402616e-11,7.689223e-07
3.0,6.668968700000002e-10,7.867474999999999e-06,0.9988028,5.5766005e-09,1.1011616e-06
3.0,2.5360876e-09,1.2621484e-05,0.9999707,1.857556e-08,1.1223243e-05
3.0,3.9218406000000003e-10,0.00011014175,0.9984339,3.6818220000000005e-12,4.3747045000000005e-06
3.0,1.7144425e-11,3.172553e-06,0.9999968,1.2458895e-14,2.9570119e-08
3.0,2.2029392e-10,3.770331e-05,0.99996066,2.3191531000000004e-12,1.8213638e-07
3.0,1.04621904e-07,0.00013759683000000002,0.99982953,5.5788707e-10,4.920105e-07
3.0,3.7788914e-11,6.415633e-10,0.9999857,4.080176e-08,1.3517885e-08
3.0,1.4069378999999999e-10,5.3233727e-08,0.999992,1.0453302e-10,4.6870440000000006e-06
3.0,3.1744003e-07,2.1892596e-05,0.99988794,9.667486999999999e-12,7.881090000000001e-05
3.0,2.9513691000000006e-08,0.00036226652,0.9990865,1.1570094e-09,1.0010816e-06
3.0,1.45096415e-08,0.00013663618,0.9995098,1.1713612e-08,0.00013939383
3.0,5.1242216e-07,0.00033510083,0.9314561,1.160631e-05,0.00083317084
3.0,7.041419e-12,1.5923349e-06,0.9999974,1.5378839e-12,1.4368634e-07
3.0,1.5956643e-09,1.0005221e-05,0.99998474,4.9262587e-11,4.9614064e-06
3.0,3.0452987e-10,1.7282551000000002e-05,0.9999013,1.1148576000000002e-08,2.0123658e-05
3.0,3.7489892e-10,1.4912208999999996e-06,0.99818593,5.845705e-11,1.1237373e-06
3.0,1.0926049999999996e-08,0.00013101651000000002,0.9978538,2.652054e-09,0.0002548167
3.0,3.1197973e-09,1.1621589e-05,0.9997111,5.60463e-05,1.1537584e-05
3.0,5.0441638e-09,9.517222e-06,0.9992487,4.2001040000000005e-09,9.656906e-06
3.0,1.0153047e-09,3.93781e-06,0.9915439,0.0019828265,7.750976999999999e-05
3.0,4.3081674e-11,5.719630300000001e-08,0.9867489,3.820908e-05,6.65036e-07
3.0,9.355376e-09,0.00047735905,0.98321426,1.0335212e-08,0.00053226826
3.0,1.0616196000000002e-08,7.517895e-05,0.9953023,1.2087535e-10,7.4062795999999986e-06
3.0,2.5132674e-09,0.00021519404,0.9993968,1.2288645e-07,2.9064662e-07
3.0,1.19871e-09,3.969053e-06,0.99980074,1.2866311e-10,2.3070867e-05
3.0,3.4482497e-09,2.521616e-08,0.7156186,1.1873408e-07,2.8359933e-05
4.0,2.5999834e-21,2.7972907e-22,2.3339468e-13,0.99998367,2.3382902000000002e-14
4.0,4.998828e-15,8.906509e-16,1.5244432e-11,0.99929845,8.290166e-12
4.0,1.4673023999999995e-22,4.7340535e-22,1.2549692e-14,0.99993765,3.154378500000001e-14
4.0,8.253161e-21,1.2720494e-18,1.2559118e-10,0.99999976,1.4311468e-12
4.0,2.3145818e-21,8.819382e-21,4.0021775e-13,0.96986437,6.334665000000002e-16
4.0,1.17248835e-26,7.841265e-27,1.0925878e-18,1.0,4.2692466e-18
4.0,3.8653324999999996e-27,8.7614195e-26,1.9767599999999997e-14,0.99999917,2.4676267999999997e-18
4.0,2.2995647999999998e-18,8.7288757e-16,1.8012775e-09,0.98745245,1.14343274e-11
4.0,5.13682e-19,7.157064400000001e-18,4.6630955e-13,0.999977,6.910088300000002e-13
4.0,1.1558341000000002e-14,8.504557499999999e-16,8.8055764e-11,0.9998442,1.5478244e-11
4.0,4.35259e-17,6.3806087e-16,5.339264e-10,0.9998896,4.7539121999999995e-11
4.0,2.8686640000000004e-19,3.3276813999999996e-20,1.6066586e-13,0.99966455,7.512873000000002e-13
4.0,4.459227e-23,1.5300085e-23,6.0730726e-12,0.999992,2.025178e-15
4.0,2.050054e-19,7.208329000000002e-17,1.8787034e-12,0.99993837,3.0244132000000007e-12
4.0,1.0429464e-22,3.1817445999999997e-21,1.0208954e-14,0.9999886999999998,1.3861838e-13
4.0,6.528135999999999e-27,2.9597189e-27,4.998209e-15,0.9999602,1.3610233e-16
4.0,7.040643e-22,2.7421785e-21,8.292379e-14,0.9830413,5.9777994999999995e-15
4.0,1.9729155e-16,3.0068126e-15,5.275489e-08,0.98871255,1.6563673e-10
4.0,1.0052976999999998e-24,2.870389e-24,1.816067e-15,0.99194276,2.634843e-15
4.0,9.8166864e-17,3.1765075999999997e-20,5.282949e-11,0.99991643,3.7543982e-11
4.0,7.863761e-27,2.1981926e-23,6.4588495999999995e-16,0.99990463,1.1037193299999999e-16
4.0,4.3994509999999995e-29,6.0936764999999985e-28,1.6369365e-18,0.99999964,4.600489e-19
4.0,3.986525e-18,3.207076e-19,7.666683e-12,0.99999833,4.7589859999999996e-14
4.0,5.3365027999999985e-18,1.01156964e-19,1.9720629e-13,0.9998895,3.389772700000001e-14
4.0,2.1551349999999998e-20,3.2389997e-17,1.7397865e-10,0.99967515,2.5908544e-11
4.0,6.584257e-26,4.3243393999999995e-27,4.9711613e-17,0.99999774,1.8909976e-17
4.0,1.0464783e-23,5.681535600000001e-24,5.163933e-15,0.99997103,3.6251382000000005e-16
4.0,7.856208e-19,8.090428e-18,7.3579906e-11,0.92754114,3.310006e-13
4.0,3.3750592000000003e-18,4.543475599999998e-18,4.775673e-11,0.99999905,1.4233911e-14
4.0,3.037427e-20,4.1946843e-20,1.1892003999999999e-10,0.9999751,1.9329403e-11
4.0,1.4188603000000002e-20,7.3890354e-19,2.2965024e-12,0.9999877,8.399763e-15
4.0,3.4631696e-22,2.703102e-23,1.628893e-14,0.99973327,6.505959e-16
4.0,1.2496681e-26,2.1407722999999997e-25,7.10419e-14,0.99999845,1.1736778e-17
4.0,6.3523823e-25,1.8497005e-24,6.737784000000002e-13,1.0,2.6083175e-16
4.0,5.3713713e-15,2.4433351e-14,4.0660962999999996e-10,0.9999957,1.2064169e-10
4.0,1.8988933999999999e-16,2.1005117e-17,1.267179e-07,0.999964,2.8962281e-09
4.0,1.3667279e-23,2.2162097e-24,4.737771e-11,0.9999999,1.5396764999999995e-14
4.0,2.8891934e-21,2.0262595e-21,1.3251218e-11,0.9999987,6.157107599999998e-14
4.0,1.0540517e-20,4.8344073e-20,3.4261892e-11,0.9993148,3.002123e-13
4.0,1.7842188999999997e-18,4.3563194000000005e-18,9.9801365e-12,0.9999989,4.0799391999999996e-13
4.0,1.1348344999999998e-18,5.1354946e-18,5.610705999999999e-08,0.94535965,6.049477e-10
4.0,1.2809931999999999e-21,3.4693699999999982e-22,1.9229173e-14,1.0,3.21499e-14
4.0,5.988232e-26,1.3638618999999999e-24,3.9319994e-14,0.9999993,3.8416414999999996e-17
4.0,1.0726013999999999e-22,1.8176996e-22,2.6805123e-13,0.9996903,6.2257659999999985e-15
4.0,1.3508315e-21,3.5732643e-21,2.7815548999999998e-14,0.99692184,8.786544e-14
4.0,5.0333387e-13,1.4442778000000002e-13,1.371816e-10,0.993958,2.1017004e-09
4.0,3.622916e-18,1.0249891e-20,1.617693e-10,0.99998057,5.2648337e-13
4.0,2.3344021999999997e-21,2.3876342999999998e-24,5.644671499999998e-16,0.99999964,5.1234413e-16
4.0,9.116210999999998e-19,4.038985e-20,2.383957600000001e-13,0.9999083,8.49715e-14
4.0,3.4627153999999996e-15,7.979968e-14,1.1493111e-08,0.97571313,2.4338506e-10
4.0,7.9205036e-19,4.711885e-18,7.518024e-09,0.99925524,1.3892531000000001e-12
4.0,1.2088919e-21,3.4812716000000005e-21,3.905425e-14,0.99999845,4.7218593e-15
4.0,3.1124167e-19,1.8478123e-20,1.5166766000000004e-12,0.99987686,6.784508e-14
4.0,5.857753400000002e-22,1.3661051e-21,4.598894500000002e-13,0.99997413,1.149752e-15
4.0,8.924225e-24,4.154141e-24,8.517956e-17,0.9999999,1.2244872e-15
4.0,8.77231e-17,1.14509e-16,6.08718e-09,0.99980253,3.8959266e-10
4.0,2.099151e-21,2.2516318e-20,1.8161843000000003e-15,0.996163,5.924379e-16
4.0,8.746103e-19,5.873452e-17,4.429281e-09,0.99300236,1.0816041e-09
4.0,4.2062092999999995e-15,8.100472999999999e-16,1.7124877e-07,0.9962346,1.4454367e-09
4.0,1.5105489e-19,2.4339903e-18,9.606387999999999e-14,0.99818915,2.7468116000000003e-14
4.0,1.0648561999999998e-22,1.8348748e-21,1.3036864e-11,1.0,9.082313e-16
4.0,8.145769000000001e-22,3.0075866000000004e-22,1.6833042e-14,0.999785,7.477853599999998e-16
4.0,2.2028e-21,4.253832e-24,9.220056e-14,0.99994886,1.3364062e-15
4.0,3.386287e-15,7.1184814e-18,1.1483168e-09,0.98057956,2.0446689e-09
4.0,1.0027478e-15,5.307772e-14,5.4709822e-08,0.9813069,5.521179e-10
4.0,2.7483844e-14,2.3531123e-16,2.1692315e-09,0.999954,2.1647956000000002e-10
4.0,2.2175962000000002e-16,8.8805163e-16,2.9040170000000002e-11,0.99855095,4.4500710999999994e-10
4.0,1.6362703e-24,5.017628e-22,3.0329832e-15,1.0,1.4241948e-16
4.0,7.925321e-20,3.2888037e-19,9.828617e-15,0.9999894,5.3370524000000016e-12
4.0,4.315865e-20,3.4784544e-20,2.6843034e-09,0.99853337,2.795776e-11
4.0,4.2986978e-23,6.910729e-21,7.692757e-14,0.9999994,4.0544015e-14
4.0,2.7512183999999996e-26,6.503980699999998e-26,6.260223000000002e-15,0.9999988,6.912216e-17
4.0,1.5938378e-20,5.395402e-20,9.017852e-15,0.9999875,3.320914000000001e-15
4.0,8.251673e-18,1.4291742000000002e-19,9.12706e-08,0.99982953,1.3184473e-10
4.0,5.1331764e-18,4.4728612000000005e-20,1.7671485000000001e-12,0.9996865,2.1867765e-14
4.0,1.2067506999999998e-22,1.8899586000000003e-22,5.466392e-17,0.9999962,3.9028877e-16
4.0,3.9741307999999996e-22,2.0716165e-20,2.3239307e-17,0.99999166,2.1744785e-17
4.0,3.617558999999999e-16,3.1192225e-15,6.984233e-09,0.9933797,3.7944234e-09
4.0,4.1009306e-19,1.1235072e-21,8.7492456e-15,0.9999535,3.1809001e-16
4.0,5.962548e-18,1.4811801e-19,2.850516e-12,0.9996642,1.1258296e-12
4.0,8.594437e-21,4.196449e-20,5.6232123e-11,0.99632084,2.8355297e-13
4.0,7.1858054e-28,5.3702766e-26,7.675335999999999e-17,0.99999964,4.089405e-18
4.0,4.969399e-27,1.5896625999999998e-25,3.3175270000000003e-19,0.99999917,2.9620712e-19
4.0,2.1903067999999995e-22,7.91994e-24,1.2820712000000001e-15,0.9999989,2.2316822e-16
4.0,4.9172135999999995e-20,8.6919266e-20,6.561578e-15,0.99952877,4.267746e-15
4.0,1.082652e-21,1.1321673e-20,1.6995006000000001e-12,0.99411064,5.3609993e-14
4.0,2.3947499e-20,2.338614e-21,5.6943213e-15,0.9967303,3.6421227e-14
4.0,3.3301628e-22,2.1263070000000007e-21,1.0922607e-12,0.9999989,6.637975e-13
4.0,5.586305e-15,9.895656e-14,3.6361275e-10,0.9956191,1.676875e-11
4.0,1.7258564e-22,4.0258803e-20,1.2171359e-12,0.99993145,1.4763872e-13
4.0,1.1869663000000003e-16,2.0818472e-17,1.4456173e-09,0.9813798,1.572521e-11
4.0,2.449903e-18,1.8649035999999999e-19,2.036842e-13,0.9999852,3.8532007e-15
4.0,1.7211831e-16,1.167921e-12,1.2561204e-06,0.84126073,1.0427816e-06
4.0,6.970862e-21,2.8528136000000004e-22,1.1508795e-10,0.9999962,6.1431714e-13
4.0,7.9671736e-20,3.846757e-19,2.24364e-11,0.95764506,3.7276055000000003e-13
4.0,2.3778854e-20,1.9777623e-19,1.5935683e-12,0.9999956,3.1983964e-13
4.0,9.712209e-19,4.7753243e-17,1.4394822e-09,0.9957877,1.4965406e-11
4.0,1.0983972999999996e-23,4.281483599999998e-22,2.0810814999999998e-13,0.99998033,7.6891406e-16
4.0,5.02778e-15,2.8449008000000008e-15,6.0580596e-11,0.99994254,1.8089554e-09
4.0,8.7070545e-16,3.2476807e-19,1.2983847e-11,0.99998,1.3846782e-10
4.0,2.963614e-09,2.6602412000000003e-10,1.6726657e-09,0.8946415000000001,1.9181269e-07
4.0,1.2065663e-13,7.055445599999998e-14,3.2351763e-06,0.99954516,1.44366945e-08
4.0,3.887496e-14,7.0873305e-15,5.0170447e-06,0.99946946,5.754464e-07
4.0,9.155348e-22,5.036236000000002e-22,4.545073e-14,0.9999862,2.5208696e-15
4.0,2.8636986e-20,4.5121788e-20,6.173592e-10,0.99998486,7.866973e-12
4.0,2.7181923e-19,1.385367e-16,1.8659201e-11,0.97132415,1.1811618e-10
4.0,3.720634e-14,7.320364e-13,1.603236e-08,0.99938345,1.9182256e-08
4.0,6.588159299999999e-16,7.7664806e-16,1.5660525e-08,0.9998222,3.9383905e-09
4.0,3.3935715000000004e-19,3.5897154000000003e-20,1.4088145e-10,0.99996877,2.5020032999999996e-13
4.0,7.008952599999999e-21,3.51814e-23,1.2762337999999999e-12,0.9999906,9.939812e-13
4.0,7.956744e-20,3.4236937999999986e-20,2.658236e-12,0.99997914,4.8438665999999995e-11
4.0,9.501863e-13,8.054945e-14,4.5100825e-09,0.9999877,1.1511844e-09
4.0,1.5594646000000002e-16,3.665175e-17,1.4437919e-11,0.9999422,2.1418971e-14
4.0,4.2544834e-26,1.0043789e-27,8.670508000000002e-15,1.0,1.3035787e-16
4.0,3.193435e-18,2.5923659999999998e-17,2.7290516999999998e-11,0.9997522,1.4877306e-10
4.0,2.4797913e-14,1.8443636e-15,1.3765766e-07,0.9924009,2.1320146e-05
4.0,1.7113306000000002e-15,2.0859254e-14,2.4487844e-07,0.8521356,2.6652682e-11
4.0,4.006424e-21,7.0241277e-19,1.7223879e-11,0.99966896,1.4290274e-14
5.0,8.876179400000001e-13,4.398261999999999e-09,1.8615384e-17,3.8016507e-15,0.0003332025
5.0,9.854363000000002e-17,5.075297e-11,9.564671e-16,6.6415113e-20,4.086013e-06
5.0,4.1052620000000013e-16,2.5079344e-10,3.3067228e-15,2.1161833e-17,1.25054e-05
5.0,4.7782e-13,5.182722e-09,2.0684337e-12,2.7181838e-16,1.9514217e-05
5.0,4.969295e-13,1.9341621e-06,1.251174e-08,7.409489e-15,1.6365251e-06
5.0,3.1606194e-14,4.578415600000001e-13,6.240225e-18,1.5499232e-18,2.9318191e-05
5.0,3.247273e-16,7.570979e-11,1.3819969e-16,2.757978e-22,2.2192307000000003e-08
5.0,2.615746e-13,3.7015145e-13,2.5019804e-18,7.395538e-17,1.0901414e-05
5.0,1.5496173e-17,1.0503362e-11,1.5090438999999999e-18,9.153721e-19,1.2134034e-05
5.0,1.2031169e-19,6.017074400000002e-12,3.9895516000000005e-22,2.260809e-24,3.2165033e-08
5.0,5.5615156e-16,3.3414434000000003e-08,3.718555e-18,1.1181264e-21,1.2718524e-05
5.0,2.46046e-17,1.6936132e-14,1.473016e-20,1.7107185e-19,1.4574072e-06
5.0,3.2715528e-11,1.6285131e-07,1.4117002e-12,3.4994534e-16,2.9875257e-05
5.0,6.582616000000002e-16,2.7655395000000002e-11,5.150328e-14,5.6502746000000003e-14,4.748021e-07
5.0,7.376287e-12,6.0642075e-10,1.8900307e-16,7.482838e-15,0.00012468327
5.0,7.2237436e-13,5.0014703e-09,9.127305e-15,8.554564000000001e-18,0.00022179603
5.0,2.061907e-13,9.967899e-10,2.0799741e-13,5.074354e-13,1.9217495e-07
5.0,3.8124537e-16,9.645997e-13,1.1981124e-19,1.0349328e-17,4.3960903e-05
5.0,8.9081874e-11,9.102305e-11,4.5849275000000005e-12,3.3605208e-08,3.6340454e-05
5.0,1.2836155e-18,9.557225000000001e-13,2.0142425e-16,1.1413627e-17,6.639283e-08
5.0,1.4412686e-15,1.1157897e-09,1.1397252000000002e-13,3.8490300000000014e-12,1.3832599e-06
5.0,8.342490999999999e-09,1.07031894e-08,1.5699313e-09,8.2812875e-11,0.0004486285
5.0,1.0514183e-15,8.246373e-07,1.9435124e-15,2.7958722999999996e-23,5.9853306e-08
5.0,6.0156714e-13,9.526225e-13,3.1377267e-17,1.2356619e-12,0.00033886216
5.0,2.5202837e-07,8.554552999999999e-06,4.4883667e-08,0.00024317336,0.0023124437
5.0,1.4148022e-13,6.188614e-09,1.1093158e-17,3.419805e-23,7.419626e-09
5.0,1.6600753e-12,1.1274849e-09,9.308166e-13,6.6535440000000014e-12,7.2617704000000016e-06
5.0,9.5571315e-11,1.4310736e-07,4.6859255e-10,2.9911595e-18,2.7021956e-06
5.0,2.3860565e-18,8.5385095e-14,1.938745e-21,1.9542797999999998e-20,3.7472836e-07
5.0,9.866796000000002e-16,1.9604035e-10,5.024724e-16,7.397214e-18,2.4450237000000003e-06
5.0,1.4476086e-16,1.2015074e-15,1.2350858e-18,4.8678086e-15,5.4809416e-08
5.0,3.0155354999999997e-22,4.463713999999998e-16,5.3807975e-23,9.20877e-22,5.2808314e-08
5.0,1.7396566000000005e-12,4.2116564e-09,2.4788603e-11,2.612614e-09,2.5109622e-07
5.0,4.474969299999998e-16,1.8595921999999999e-10,2.8159154999999998e-14,1.2921211000000002e-16,1.8614467e-06
5.0,3.0016014e-15,4.5276852e-10,1.2868728000000002e-14,2.5423153e-11,4.3408014e-07
5.0,1.448396e-13,3.16397e-08,8.344201499999999e-13,7.4195314e-21,2.375021e-06
5.0,1.3536146000000004e-14,1.9623397e-10,2.0062867e-10,1.3839688999999998e-10,1.5672825e-06
5.0,6.649547e-17,1.2189796e-12,4.050793e-17,1.1934369e-15,9.800133e-07
5.0,5.1815576e-15,3.901540999999999e-09,1.8499248000000002e-15,3.3072837999999997e-15,5.7571255e-05
5.0,5.865217e-14,4.816189e-08,3.1019157e-13,1.6699562e-09,1.33269605e-05
5.0,2.4708127e-10,3.5799988e-10,1.6590243000000005e-14,1.5396301e-13,0.025420932
5.0,9.175821500000001e-15,2.7832438e-11,8.722052e-17,2.187373e-12,9.998254e-07
5.0,2.2545943e-18,8.673465e-13,6.6199004000000006e-18,5.6706075999999995e-16,8.719320999999998e-07
5.0,6.8314375e-13,1.5010292999999998e-08,2.9792273e-15,1.5306652999999996e-21,8.063029e-06
5.0,4.213977e-11,7.579207999999998e-07,1.5360281e-15,1.6319581e-16,2.5792593e-05
5.0,9.35101e-12,1.5342975e-13,1.2074216e-16,1.2902732e-11,1.0247096e-05
5.0,8.633172e-11,7.7885386e-11,1.8631872000000003e-15,2.8969593999999997e-20,0.00047166555
5.0,6.766434e-13,3.87804e-09,5.5916675e-13,4.4664579999999997e-13,1.1310668e-06
5.0,7.694122e-16,1.4335744e-11,1.6395149e-19,8.803174e-15,1.3675496e-05
5.0,2.0835113e-13,7.109325e-12,6.6454514e-20,1.5431817999999999e-19,7.472287400000002e-07
5.0,3.2861873e-14,1.3086832e-08,1.5329614e-16,4.4217369999999996e-21,2.8067834e-06
5.0,6.826448000000001e-15,7.568772e-10,2.7977987e-15,4.6004385e-14,3.995655e-06
5.0,6.101513e-08,0.00041535066,2.25517e-11,9.224741e-13,0.00010242782
5.0,2.3337327e-16,9.450528999999999e-12,1.2883439000000002e-14,1.6544843e-10,5.7217353e-08
5.0,8.5750157e-10,2.5785707e-09,2.9380383e-12,5.786154e-14,3.8284e-06
5.0,3.871448e-16,3.129768e-13,2.1656569e-14,6.989859599999999e-12,5.9482386e-06
5.0,9.058095e-12,4.0996003999999997e-10,4.1046702000000004e-10,5.515589e-12,1.5981159e-06
5.0,7.866645e-09,5.4049015e-06,4.586139e-10,8.2294914e-11,0.0005475235
5.0,5.49796e-17,4.234708800000001e-13,8.366172000000001e-16,6.25054e-12,5.6509634e-07
5.0,1.3709819e-09,3.3791494e-07,2.8378946e-09,1.789956e-14,8.727064e-05
5.0,2.7622293999999998e-17,1.9657410999999998e-11,7.312261999999999e-17,1.7861384e-14,3.4946263e-06
5.0,2.2555007e-14,2.0753033e-09,8.4541435e-15,5.7731186e-10,6.810394e-06
5.0,8.718381000000002e-14,2.2706156e-10,1.2202723000000004e-13,1.1143292e-15,1.02178055e-05
5.0,9.490297e-19,9.866496e-13,1.9953304e-20,1.2964511e-20,2.7097287e-05
5.0,1.8255913e-13,1.5137572e-09,9.482933e-15,1.3979404000000001e-15,0.00016879706999999998
5.0,1.92066e-19,9.753175e-11,1.3794348e-14,2.0569411e-17,5.9690536e-10
5.0,3.921983e-10,2.035716e-09,5.4387733e-13,5.1728095000000014e-15,0.0018471874
5.0,1.9429096e-12,1.9748645e-09,1.7455401999999999e-16,2.0499146e-20,1.9777523e-05
5.0,5.298349e-12,3.9927714e-09,4.5375400000000005e-12,1.7677805e-10,4.1008694e-05
5.0,1.5579531e-12,3.040444e-08,7.231906e-19,2.109393e-21,0.00014366604
5.0,8.740985e-16,4.1094513e-11,2.5735872e-18,1.9533503e-14,4.3463362e-07
5.0,1.1067411e-08,3.2754727000000004e-07,6.281283e-08,1.1128249000000001e-15,0.0001228727
5.0,3.0413674e-16,1.3552528e-16,3.834699e-18,3.8051355e-13,4.351946e-06
5.0,9.633261e-09,5.92586e-05,0.00023107452,1.4905231e-09,3.8423932e-05
5.0,1.0074497e-13,5.907743000000001e-11,9.65558e-18,2.7120946e-13,0.0002534436
5.0,1.0395581e-15,5.6805767e-12,4.8084927e-18,1.7799791e-18,1.3798553000000002e-06
5.0,2.4607012e-13,6.4303084e-11,6.152545e-14,1.6758646e-13,3.925843e-05
5.0,9.83015e-09,2.4830205e-09,4.421378e-15,7.703621e-18,6.041848e-06
5.0,2.6705978e-13,7.917860999999999e-09,1.8004989999999998e-15,4.6316415e-14,0.00010743038
5.0,1.1746657e-16,2.2115761e-14,3.1671019999999996e-22,6.5628967e-14,0.0001258717
5.0,1.876234e-12,1.7487675e-06,5.8572986e-12,2.0111771e-13,0.0009027306
5.0,1.8291243e-13,6.355495e-11,3.3666817000000003e-13,9.419541999999999e-19,7.040984e-06
5.0,1.138162e-12,7.614851999999998e-07,1.5273175e-15,1.226953e-23,7.272698e-06
5.0,3.3068662e-19,4.9137755e-12,7.672905e-18,7.2487905e-12,8.835481e-08
5.0,1.7404274e-21,1.02922745e-14,9.345358e-19,1.7395357e-16,2.1683786e-09
5.0,9.800065e-17,3.0478725e-12,2.9519827e-15,3.9611919999999996e-14,8.348874e-08
5.0,4.9885580000000015e-16,6.929192e-12,1.6711625e-15,2.8526723e-15,3.8998408e-07
5.0,2.2049017e-15,5.3847105e-09,1.1021712e-14,8.188394e-22,1.2058656e-06
5.0,1.2635544e-14,3.6751208e-05,1.9749274e-12,2.482881e-15,2.2607467e-06
5.0,5.686918e-14,7.485618e-13,3.0055472999999998e-18,2.9111893999999997e-17,2.0730602e-06
5.0,6.381472e-15,2.0164407e-14,2.4737927e-21,4.599976e-13,0.00014308274
5.0,1.1094681e-15,8.653391e-13,1.9301026e-14,6.9036e-13,2.2632196e-06
5.0,2.4887968000000003e-21,2.9174842e-17,3.3680548999999998e-21,1.917943e-18,5.6077393e-08
5.0,2.2547483999999998e-13,3.2464554e-12,3.5675383e-17,1.2748278e-18,2.8337772e-07
5.0,2.9544008e-14,2.895414e-13,5.5496726000000004e-15,6.6129990000000004e-12,3.560419e-07
5.0,5.956005e-11,5.386224e-11,1.2389754e-13,2.7846563e-16,0.005707758
5.0,2.4510325000000004e-16,7.1666985e-11,1.6265177e-15,1.8559596e-10,4.2838500000000013e-05
5.0,9.107867e-14,5.4304347e-12,9.958691e-19,6.0104895e-18,2.6002333e-05
5.0,1.1411927e-15,3.0751676e-11,4.2401765e-14,2.5541054e-18,1.1638452e-07
5.0,8.950469999999998e-17,7.621345e-13,1.1107242e-19,1.7109308e-20,1.5866772000000002e-05
5.0,1.8146058e-16,1.7002711999999999e-12,9.6787e-19,6.573414000000001e-19,0.00014761387
5.0,7.625959e-20,1.129801e-11,3.676805e-14,3.3925107000000004e-16,9.304892e-09
5.0,1.1306161e-08,1.1776259e-07,3.6362457e-10,1.5266478e-09,0.0002607869
5.0,1.8406504e-23,1.4221448e-14,2.3049786e-16,3.3698425e-17,6.831300000000001e-11
5.0,4.9032545e-11,7.832593e-09,1.8084441000000002e-14,1.3055778e-22,0.00012212452
5.0,1.5595458999999998e-12,3.3837668e-09,1.3508282e-12,3.51753e-15,0.00035949046
5.0,2.896777e-13,4.5733321e-07,1.7488547e-11,8.058013000000002e-19,6.105215699999999e-07
5.0,2.60778e-12,1.1211277e-09,1.4660464e-09,8.701982e-12,3.274081e-07
5.0,2.0003383e-12,3.1572668e-08,8.693265400000001e-16,7.6502964e-17,0.00013016401
5.0,3.8007347e-08,5.5644714e-06,8.654153e-09,7.387401e-15,0.009103315
5.0,2.5259472e-09,1.2402004e-08,9.238547e-12,4.5283715e-16,0.00020362566
5.0,9.702754999999999e-14,1.9240225e-09,1.2466952000000002e-13,8.0743523e-13,8.508753e-05
5.0,1.5501494e-13,2.4203570000000003e-07,7.5309835e-11,1.917545e-09,5.9334695e-07
5.0,6.607127599999999e-15,2.9529739e-08,1.6383926e-10,1.5289145e-12,6.0259285e-06
5.0,3.472509e-13,3.3771664e-07,4.863548e-10,3.6277875e-12,4.910769e-07
5.0,7.4874463e-17,3.6781407e-12,2.1340343e-15,3.360143e-20,8.930475e-08
5.0,2.3952552000000003e-14,2.1998523e-09,2.5125217999999994e-16,1.9089463000000003e-18,3.5557086e-06
5.0,8.008682e-14,1.2968011e-11,2.1350426e-16,2.0441215e-17,5.451261999999999e-07
6.0,4.3395943e-22,1.1198876999999999e-28,3.389357e-14,7.7550415e-15,2.1847811000000002e-13
6.0,1.0851739999999999e-27,1.7582999999999996e-41,5.4429003e-27,2.547878e-25,4.3431406e-17
6.0,5.6453274e-16,2.1381266e-17,1.8246203e-10,0.1289876,2.0927764e-09
6.0,6.2321173e-29,9.592399999999999e-41,7.396067499999998e-25,5.002039e-12,1.1189629e-18
6.0,2.2546917999999996e-27,1.145853e-39,2.6434587e-23,4.6473513e-15,6.3099264e-18
6.0,2.221365e-20,1.4506266e-31,5.224058e-19,3.0767207e-13,5.7822663e-14
6.0,3.4883507e-35,0.0,4.7817745e-30,3.9038854e-16,3.0171582999999997e-25
6.0,1.5762273e-18,4.2744887e-27,4.808744e-19,4.1955979999999996e-11,1.6475819e-12
6.0,4.283764e-15,2.4530461e-20,3.009577e-10,1.1019376e-05,3.2478783999999997e-10
6.0,7.729791e-30,1.6388712e-36,1.9553878000000003e-24,2.8229292e-07,1.7465393e-22
6.0,3.4427997e-15,2.83235e-21,1.9907475e-14,5.6305227e-10,1.7054097e-10
6.0,7.542988000000001e-16,1.6331662999999998e-23,3.701093e-12,1.5449705e-09,2.9799259999999996e-11
6.0,1.4980911e-15,1.9352985e-21,9.694969e-13,7.4241924e-10,4.5157664e-09
6.0,8.453928000000002e-15,1.5445332000000002e-23,1.0094319e-14,1.6406841999999996e-21,3.4896613e-11
6.0,1.1153336e-23,3.18527e-26,1.7903659999999999e-12,0.00016452468,5.0909814e-14
6.0,9.420646000000001e-12,1.5731903999999996e-18,8.725511e-12,8.907746999999997e-15,3.9050474e-07
6.0,1.7981307999999998e-17,6.546359e-22,1.1516634e-15,8.9917435e-15,2.4134128e-10
6.0,1.1838630999999998e-19,2.4646484000000003e-24,8.716271e-15,3.1989709999999994e-17,1.5217736e-14
6.0,1.3304388e-17,8.398760000000001e-24,4.9825653e-14,3.5546598e-12,2.4420606e-11
6.0,1.0677585e-21,9.984369e-27,1.00373106e-16,5.4234099999999995e-15,1.3958551000000002e-11
6.0,3.415326400000001e-19,1.2047728999999999e-29,2.5660205999999997e-22,2.8705409e-15,3.4715763000000004e-13
6.0,6.633099e-16,4.2919764e-22,4.8288614e-13,2.8252312e-10,7.3464484e-11
6.0,1.4459293e-18,4.9383756000000005e-23,3.2862565999999993e-15,1.1350817e-13,4.262709200000001e-13
6.0,4.2286126e-18,8.941335999999998e-23,2.7840274e-16,1.1034343600000001e-10,8.145071999999999e-13
6.0,2.0293637e-20,1.3739253e-23,4.763951299999999e-13,7.869755e-09,4.076265e-15
6.0,9.226408e-19,6.021128000000001e-25,2.7648294e-14,5.001065e-11,6.643794e-12
6.0,9.697308399999999e-27,2.317225e-37,9.72931e-22,2.9129285e-18,4.6169313e-18
6.0,1.3513652e-14,4.5207653999999996e-24,4.6005692e-15,2.2945775e-08,1.1180201000000001e-10
6.0,7.891930999999998e-28,8.533436999999997e-36,7.767450000000002e-19,1.3383648e-15,6.5072045e-18
6.0,4.7755216e-22,1.2143184999999999e-30,3.9834572999999997e-19,6.6175667e-16,9.936144e-14
6.0,2.3284212999999997e-25,1.1229924999999999e-30,1.3201462e-18,6.255931e-08,2.0508648000000003e-15
6.0,1.3147360999999998e-19,5.596156999999999e-27,7.200052700000001e-16,2.1835113e-10,1.8457305e-15
6.0,6.825253e-17,2.6828932000000004e-22,2.4822763e-13,3.79564e-05,1.2203967e-11
6.0,2.3513299e-13,1.0304174e-19,9.597013e-14,1.7281125e-10,8.4316425e-12
6.0,8.67766e-15,1.0505771e-23,1.9251918e-16,7.625348e-18,3.2180572999999995e-08
6.0,6.112985499999999e-26,8.265524999999999e-33,4.0433712999999995e-16,2.4501333999999997e-12,2.0560327e-17
6.0,5.4247936e-13,4.3234425e-19,6.385583999999999e-13,1.091621e-07,1.1123076e-09
6.0,5.3635575e-19,2.035068e-21,1.7961191000000004e-10,7.364289000000002e-07,2.3952103e-12
6.0,1.983064e-17,4.1222839999999996e-20,2.531639e-11,3.1511882e-10,5.463867e-13
6.0,2.996918e-22,4.5310969999999996e-37,4.7866237e-18,1.140621e-08,1.2349169999999996e-13
6.0,9.700431e-22,3.6449026e-31,1.7310519e-20,1.0601186e-12,6.2715754e-16
6.0,2.6272327e-22,4.1415243999999995e-27,1.9308224e-14,9.999471e-11,3.8748513e-15
6.0,6.428771e-12,1.6216093e-18,1.7593134e-11,0.00015126416,1.8408292e-06
6.0,1.3944633000000002e-14,4.527638e-21,5.1116724e-14,6.5355205e-05,8.281577999999999e-12
6.0,4.668583700000001e-14,2.1884827e-23,6.995980499999998e-14,1.4387968999999996e-08,3.4994990000000007e-09
6.0,1.5133338000000002e-16,6.489713000000001e-21,2.3956068e-13,5.4950324e-09,6.217406e-13
6.0,2.240798e-21,8.0869204e-30,7.6888066e-20,5.569637e-17,1.11820555e-14
6.0,9.200974e-20,1.9313599999999998e-28,4.2558534000000005e-18,1.3881718999999998e-06,6.142504e-15
6.0,1.06552386e-17,1.0991197e-19,4.5687672e-12,1.1715453000000005e-08,1.0303763e-09
6.0,1.8979083e-14,9.755797999999999e-26,6.5936867e-16,1.3381624e-05,1.5604638000000002e-12
6.0,9.215506e-20,1.4645435999999998e-27,3.179805e-12,1.2096467e-08,1.1555216999999998e-08
6.0,5.9200617e-12,1.556842e-23,1.0466040000000001e-13,3.0686344e-05,5.962506e-10
6.0,3.5773955999999997e-22,7.318848999999998e-34,1.0367044e-18,1.9606744e-10,2.5435065e-15
6.0,1.4523601999999994e-20,2.0200822e-28,2.1065592e-17,1.1423289e-07,6.5782036e-14
6.0,8.9869593e-20,4.9328927e-26,6.3538246e-12,1.0399389e-09,5.1791184e-12
6.0,1.8153604e-17,9.929207999999999e-23,5.527434000000001e-13,2.6398135e-09,4.667551e-11
6.0,2.4509207000000002e-14,1.3134543e-16,2.7474523e-10,2.5530258e-10,3.1479306e-08
6.0,4.5314732e-18,1.8478965999999999e-25,3.0613014e-12,0.0012674511,2.5039013e-11
6.0,4.4255077e-22,3.5779662000000005e-32,1.82893e-19,1.8146845e-10,1.1077507e-18
6.0,2.3117224e-12,1.0924222e-23,4.9611923e-15,1.8914095e-09,2.5621796000000004e-08
6.0,8.783206999999999e-27,7.526725e-36,1.0931626e-19,3.7810903e-13,3.158964e-18
6.0,5.551364000000001e-09,1.2103994e-11,4.736873e-05,9.125046e-08,3.1929372e-05
6.0,5.5663434e-19,1.3054934999999999e-19,1.27947635e-08,1.497001e-08,6.0972303e-09
6.0,1.0516892e-11,8.257166e-12,3.264714e-07,8.0025205e-07,1.1899759e-05
6.0,3.8240498e-20,1.6422126000000004e-22,6.8200734e-08,1.0118922e-07,3.4156300000000014e-10
6.0,5.434448200000001e-17,2.3409218e-18,6.559463000000001e-07,2.4032343e-09,4.9296593e-09
6.0,2.1675964e-17,1.7230936e-20,4.958579e-15,1.1078174e-05,2.4536954e-12
6.0,2.5186916e-18,1.13775326e-23,1.4952073e-14,9.019621e-08,2.8992168e-11
6.0,2.1210066e-14,1.090365e-21,1.2004002000000001e-12,1.5545949e-07,1.3906787e-08
6.0,6.498135e-22,5.6684297999999994e-27,2.3899003e-15,6.401012e-08,6.47912e-16
6.0,5.229692e-31,5.853073e-37,5.8867980000000006e-21,8.715786e-06,2.0764359999999997e-18
6.0,2.6753942e-15,1.4989173999999994e-23,4.963169e-13,4.5713134999999997e-11,2.1650143e-11
6.0,1.0280291e-18,1.7711619e-23,1.9425348e-15,7.563659e-08,5.6851519999999995e-11
6.0,4.203382000000001e-21,3.0968009999999998e-30,1.9922938e-17,1.6927066e-09,7.325389000000002e-16
6.0,5.070681300000002e-13,5.1981283e-18,3.1286817e-11,2.5787665e-08,1.51924e-09
6.0,1.2116973e-16,2.8163634000000003e-19,1.3122439000000001e-11,1.5720414e-09,3.0252340000000004e-09
6.0,1.1452894e-21,2.7736795e-29,9.046682e-16,4.5211292e-09,1.2569697e-13
6.0,6.2048876e-22,9.2322626e-27,4.6070054e-13,1.0558124e-11,2.1075014e-15
6.0,3.9123546e-20,3.593465e-21,3.4764954e-13,4.323519e-08,2.3291977999999998e-12
6.0,1.9202482999999997e-27,5.285754e-29,5.6043803e-13,7.0698770000000005e-12,5.213830000000001e-18
6.0,4.9880732000000006e-18,1.250978e-23,1.7219508999999999e-12,3.434679e-09,1.4056064499999999e-11
6.0,4.7452054999999996e-18,1.9662185e-24,1.1758546000000003e-14,4.9692956e-09,8.091518000000001e-15
6.0,1.9438726e-16,6.200281e-23,7.616393e-14,4.5399914000000003e-10,9.349657e-09
6.0,3.5960163e-22,5.567932599999999e-25,1.5659652e-12,4.7765013e-08,8.480419999999998e-14
6.0,5.8042473e-09,1.3822763e-09,0.0004619646400000001,1.8246885e-05,0.0005264691400000001
6.0,3.9559578000000005e-11,2.05173e-10,0.00012181423,1.9582656e-06,5.2888434e-05
6.0,3.860115e-16,4.544872e-25,4.8977274999999995e-14,0.0003111233,2.8109354000000002e-14
6.0,6.376907e-19,2.3521655e-30,9.506318e-18,4.2515550000000005e-17,7.493124499999997e-15
6.0,1.0093162e-14,4.0652188e-17,1.0071755e-05,0.00015115814,3.4922966e-08
6.0,1.7670394e-27,2.9371e-28,6.1378363e-12,1.0542036e-09,2.217112e-16
6.0,2.4524572e-14,1.6959052e-22,2.8960006e-15,2.743112e-08,7.3956140000000015e-09
6.0,1.580475e-19,3.952981e-26,3.4203851999999995e-16,4.0961842e-10,1.7042387000000004e-13
6.0,2.811937e-23,1.9156277999999999e-25,1.1505298000000001e-10,9.065983e-09,5.4400580000000014e-15
6.0,2.6053015e-18,1.9761614e-22,5.2543889999999996e-14,9.19394e-06,8.7963794e-13
6.0,8.962933999999999e-28,9.245494e-31,7.176288e-14,2.095466e-06,1.3731982e-16
6.0,4.2235495e-18,1.7430856000000003e-21,2.155778e-12,3.653807000000001e-07,6.018295e-10
6.0,2.7232099e-18,2.9070261e-25,3.3874256000000004e-16,5.6981394e-06,9.129657e-14
6.0,2.7179522e-17,1.2405933e-22,1.4390754e-14,6.770775e-06,1.5023343999999996e-12
6.0,1.918104e-22,2.0426026e-25,7.804875e-08,5.875463700000001e-07,2.1841768e-11
6.0,5.4201946e-17,3.871976e-21,1.8194743e-11,6.434586299999999e-07,6.184237e-10
6.0,8.180881999999998e-19,6.161029499999999e-23,1.0636565e-13,4.2321965999999985e-12,8.335218e-16
6.0,2.5759574000000003e-17,3.487878e-20,2.0830209e-09,5.771048e-07,9.627034e-09
6.0,2.3913889999999998e-15,2.0070329e-23,6.973092e-12,2.8532272e-08,5.474850800000001e-08
6.0,6.0905514e-21,3.1386176999999997e-21,6.315966e-11,8.823238e-06,1.6122631e-10
6.0,1.3108687e-12,1.8357479999999998e-11,6.282454e-05,9.960119e-06,2.9711028e-08
6.0,0.0,0.0,5.6488985e-30,9.756319e-09,8.243500999999998e-29
6.0,4.4687023e-23,8.907306e-30,8.587551299999998e-19,4.4464793e-11,1.3438079500000001e-14
6.0,4.1093083e-15,1.0074284e-16,7.739586e-10,3.9557227000000007e-07,2.3847473e-09
6.0,1.4543471e-22,1.7715557999999996e-35,2.4140974e-20,2.0048514e-14,8.947782e-15
6.0,1.6126812e-18,1.0967225e-21,7.025411500000001e-11,1.7191014e-11,8.661205e-11
6.0,1.6756289e-06,5.055972e-10,7.480838e-07,5.6466066e-05,5.456018e-06
6.0,1.2063609999999999e-19,3.7557653e-29,2.7663792e-16,2.1027588e-14,1.4186253999999999e-13
6.0,4.2511137000000004e-14,2.1655565e-22,1.7158213999999998e-17,2.823263e-09,1.4275108e-09
6.0,6.302537e-14,2.0758474e-15,1.5295178e-09,2.62064e-08,2.3545959e-11
6.0,5.077842999999999e-28,2.8489999999999994e-42,1.8243593e-26,2.999439e-18,7.965786e-18
6.0,1.2113408e-09,1.1263979e-14,4.4594897e-09,1.3328516000000002e-12,1.0102111e-06
6.0,2.0563735e-29,6.3799376e-35,2.3667961e-24,6.44414e-14,2.8248261e-18
6.0,1.3987548999999998e-18,1.913696e-25,1.8630906e-13,1.4864154e-15,1.2285175e-11
7.0,5.0555454e-19,5.7971654999999986e-18,2.2160957e-14,0.0034836852000000003,8.829432399999999e-13
7.0,1.5346367e-13,1.9781211e-11,1.3137491e-09,0.0008356673599999999,1.6113148000000004e-07
7.0,2.1836305999999998e-16,8.8112094e-14,2.3779474e-09,0.0011076828,2.9772526e-10
7.0,3.0443138e-11,2.5138585e-09,5.1598494e-07,0.00024753276,2.536977e-07
7.0,6.5051577e-19,1.9530659e-14,1.1827121e-13,7.894507999999999e-06,4.7856863e-10
7.0,2.0237802999999998e-13,9.590637e-10,1.284729e-08,8.358529e-05,1.175014e-06
7.0,9.106768e-22,2.9345417e-17,1.7481913e-14,0.0005488576,4.0894150000000005e-12
7.0,4.362217e-18,1.8643234e-14,4.4042286e-10,0.00014540475,1.3597389000000002e-11
7.0,2.8313747e-13,3.7977444e-11,2.6039535e-07,0.00030679072,9.778419e-07
7.0,7.385738e-14,1.3083096e-12,1.6029531e-08,0.0044157,1.34171e-09
7.0,5.83548e-19,6.290853e-15,1.307915e-13,2.8783316e-07,8.252643e-11
7.0,1.0617181e-18,9.135926999999999e-15,1.8920886e-11,0.0013651503,8.807894500000003e-12
7.0,1.2940556e-14,1.2336603e-09,1.7937160000000006e-07,9.17659e-05,1.6378504e-10
7.0,4.04404e-14,5.0234407e-11,1.8106037e-06,5.3251864e-05,7.8073424e-07
7.0,1.05713515e-14,4.0480314e-11,1.6144999e-05,0.00063040823,6.268913399999999e-07
7.0,4.8795623999999995e-15,1.454342e-10,5.6853846e-08,2.3094139e-05,4.049565e-09
7.0,9.771025e-18,8.0747204e-14,3.7658742999999997e-10,0.0038967296,9.9563684e-11
7.0,2.0476767e-12,1.3846932e-11,4.719463e-09,0.00096034276,9.976013e-07
7.0,3.1017528e-18,3.952015e-14,8.588827000000001e-12,1.2967346e-05,7.556491999999998e-11
7.0,7.0290836e-11,1.2451051000000001e-10,5.9013253e-08,0.025356453,5.142782e-06
7.0,6.370757e-20,1.4158008e-17,5.713974500000001e-14,0.00260296,5.8903116e-13
7.0,8.266939000000003e-15,1.3652386000000002e-10,1.4799704e-09,1.1919807e-05,1.2253061e-09
7.0,1.2172794e-14,7.075568e-13,1.3511141e-10,0.0031608318,1.0236738e-08
7.0,5.173013700000002e-13,4.117131e-07,4.7355363e-05,1.4854105e-05,1.6386924e-05
7.0,5.575199400000001e-18,7.347518e-12,5.4868633e-07,4.2906163e-06,1.9007935e-09
7.0,1.4393062e-19,1.4998573e-14,2.293153e-12,0.0040364126,3.0089008e-11
7.0,3.4306314e-20,1.7230395e-17,4.5528636e-13,3.5162662e-05,7.444101e-12
7.0,7.114994e-12,1.3432085e-09,1.6686944999999998e-08,0.00022944446,2.0733285e-06
7.0,3.8412025e-12,3.151823200000001e-10,0.00011329763,3.884431500000001e-05,9.150985e-09
7.0,1.1228726999999999e-26,3.048380700000001e-22,1.5606121e-14,0.00024234575,3.0054369999999997e-16
7.0,1.7509411e-15,6.23658e-12,4.484554e-10,0.0018699461,3.8523687e-10
7.0,1.0736624e-12,2.5023338e-11,2.589939e-07,0.0049027326,6.5625586e-06
7.0,5.611304e-15,4.8499846e-12,2.0366386e-10,8.474184499999998e-07,7.2348477e-10
7.0,6.150268000000001e-19,2.7702774e-15,8.8916996e-10,0.0004550753500000001,5.3631400000000005e-12
7.0,2.5804163e-22,4.083939e-20,1.09380885e-16,9.155693e-07,9.359472e-12
7.0,1.4326036e-21,8.943786e-16,1.1602991000000002e-14,9.893873e-05,6.616314000000001e-13
7.0,7.860098000000001e-13,2.7184193e-13,4.2168367e-07,0.00054405467,9.138563000000003e-08
7.0,7.796156500000001e-15,1.5531121000000004e-10,4.0844878e-07,0.0014229885999999998,7.460321e-10
7.0,5.0347372e-20,6.584160300000001e-15,4.7479593e-11,2.0160433e-06,1.1142308000000001e-11
7.0,1.7364205e-09,1.6534914e-05,0.011742629,6.332873499999999e-05,0.00037470664
7.0,6.334523e-14,7.677027e-12,1.2793673e-09,0.0044661537,5.023809e-09
7.0,8.641542e-20,1.1646602e-15,2.9368785e-10,0.0004457838,2.2616872000000002e-10
7.0,2.8762020000000004e-17,7.146319e-15,1.1961474e-09,3.1874002e-05,3.0469033e-10
7.0,6.242018e-17,9.840285e-13,2.6173855e-10,0.00010416744,4.3372914e-09
7.0,3.9542452000000005e-16,4.6716023e-11,6.861094e-08,3.726165e-05,5.0521313e-11
7.0,5.7443375999999986e-18,3.707881e-15,2.5426654e-09,0.009237006,2.4958908e-11
7.0,5.3453207e-19,2.0644677e-15,3.6516545e-09,0.00040832526,3.3063996e-11
7.0,6.363126e-11,2.4377682000000003e-08,4.0969266e-07,0.00074622256,0.0002020243
7.0,1.585647e-20,1.6959994e-13,3.8527936e-09,1.9990948e-07,2.3880962e-09
7.0,1.5381418e-12,1.09678176e-10,5.777138e-09,0.000109098706,3.6687506e-08
7.0,3.0216147999999994e-16,1.2087041e-12,8.6024715e-10,1.5899383e-06,6.612954999999999e-07
7.0,5.1873208e-18,1.0361892e-13,1.2869802e-10,6.00226e-05,2.9209732e-10
7.0,4.1901873e-17,9.197198e-14,9.476041999999998e-09,7.591591999999999e-05,6.3122485e-09
7.0,6.3522694e-12,3.3746627e-08,7.422442999999999e-06,0.00020419917,4.178269e-07
7.0,3.063112e-10,6.619661e-10,1.1074054e-05,0.018635983,1.7887452e-06
7.0,1.156096e-15,7.999338000000002e-13,4.1421757e-08,0.00052818435,1.9052226e-07
7.0,4.8633924e-19,1.077568e-17,9.987365999999999e-13,2.9801178e-05,2.7381240000000003e-12
7.0,3.188509e-15,5.4300557e-12,1.784959e-07,0.0028214483000000004,4.2305373e-08
7.0,1.8281932e-18,3.7249400000000005e-12,4.9217794e-09,1.6595468e-05,2.9765312e-11
7.0,7.243084e-13,1.9875013e-09,3.7668503e-08,0.00021389572,5.159308e-07
7.0,1.550876e-17,3.3664708e-14,5.8282270000000005e-09,0.00028926026,1.09813305e-08
7.0,3.742274e-14,5.171953400000002e-10,3.7640152e-06,0.0066251666,1.891223e-09
7.0,1.4996049999999996e-12,1.0744166e-09,1.6413566e-07,0.0016311194,9.297073e-07
7.0,1.4749105e-18,1.0378262e-14,1.0004089e-09,2.7832819e-05,3.0147777e-12
7.0,7.3282704e-22,6.37534e-16,1.0366783999999999e-12,7.842613e-06,1.5702203e-11
7.0,7.653122e-12,5.949613e-09,1.8210738e-05,0.0007074716000000001,1.1202076e-07
7.0,2.8614353e-22,7.270883000000001e-18,2.5485174999999997e-13,0.0001226714,2.6677418e-14
7.0,1.0103984999999999e-15,6.125861e-13,3.9054882000000003e-10,0.0008191617,3.861424e-10
7.0,6.850995e-14,3.1474903e-11,1.071345e-06,7.357946999999999e-05,2.0685691000000005e-07
7.0,5.034315999999999e-19,1.9068836e-14,3.31561e-10,1.1314826e-07,2.4725544e-09
7.0,2.3141187e-21,1.6725130000000002e-18,3.4818934e-12,2.371023e-05,2.2021085e-13
7.0,1.7707062e-13,1.7763827e-09,1.4677797e-09,0.00015268763,5.600858799999999e-08
7.0,4.2408894000000005e-16,1.5260157e-14,4.2353352e-07,0.0005639305,4.377036e-09
7.0,6.701517999999999e-16,2.891731e-12,3.5710705999999994e-08,7.060686599999999e-06,2.7067162000000004e-10
7.0,4.8483453e-20,8.953882e-19,1.6430982e-12,0.00028475016,2.2044e-14
7.0,1.6432903e-12,1.9826914e-10,3.3363736e-07,2.0365747e-05,3.4611367e-07
7.0,3.579326e-14,1.2308124e-12,4.3142552e-07,0.0012991219,1.18345156e-07
7.0,1.873662e-21,1.1839663e-18,2.072927e-13,0.0006927188000000001,1.5574086999999998e-13
7.0,1.3052568000000002e-21,2.7875745000000005e-17,1.4557447e-13,5.718464799999998e-06,5.0778192e-14
7.0,4.440796e-21,4.4680435e-17,8.5815815e-14,1.04767605e-05,6.9958787e-12
7.0,2.768046e-18,7.868482e-18,1.237204e-13,0.00012299628000000002,5.513929e-12
7.0,2.0475717000000003e-15,2.2063286000000001e-10,1.2892245e-07,7.553095999999999e-05,2.0000888e-09
7.0,1.4186429e-19,5.274762400000001e-18,3.255873000000001e-14,0.0043965746000000005,3.1018645e-12
7.0,1.1066377000000002e-15,1.1920210000000001e-11,9.230558000000001e-11,0.0004052858600000001,2.746744e-08
7.0,3.8252918e-18,1.2909106e-15,6.741400999999999e-11,0.0005704062,2.432868e-10
7.0,3.3020467e-13,6.483985e-10,1.178e-05,3.738036e-05,1.4568779e-07
7.0,1.2573383999999998e-10,1.3240476e-07,3.7841077e-05,0.00077378325,1.2947028e-05
7.0,4.4138509999999995e-15,1.5926058e-10,1.117664e-08,2.4625713e-05,3.0834e-07
7.0,3.258282e-12,3.3125653e-13,2.1619645e-08,0.029420124,3.853352e-09
7.0,1.9740813e-17,5.1112323e-14,3.148625e-11,0.00017737129,1.7205476e-09
7.0,2.814655e-10,6.4543495e-09,0.0001052399,0.0039893817,3.991282e-06
7.0,3.0877464e-17,2.2560252e-13,1.8951466e-12,4.200626e-05,3.458088e-08
7.0,6.215945600000001e-21,1.1424788000000002e-16,1.1875368999999996e-12,0.00045568612,4.0747475e-12
7.0,6.909086e-18,1.7351138999999999e-12,2.099413e-11,7.872015e-07,2.3367257e-09
7.0,5.2052209999999986e-24,5.909071e-18,3.221562800000001e-13,0.00014811831,3.311725e-14
7.0,6.203812999999998e-16,5.333482699999999e-13,7.617719e-12,0.001622505,6.3086385e-09
7.0,2.7199182e-22,1.4638897e-18,8.320044e-13,6.703834e-05,4.894872000000002e-13
7.0,1.7218813e-11,1.5925042999999998e-11,5.0442168e-08,0.0016679075,1.2508274e-07
7.0,6.954311000000001e-14,3.4276626000000003e-10,3.4110677e-08,9.999503e-06,8.302337e-07
7.0,1.1506097e-16,1.516119e-12,6.639232e-09,7.60887e-05,1.4448553e-07
7.0,5.541941e-19,3.5815674e-15,3.6794626e-11,0.0018907139,1.7571638e-12
7.0,4.635873000000002e-22,4.054565e-17,9.607925e-14,1.4966978999999996e-06,6.916858e-14
7.0,8.149996e-13,1.8067163e-10,2.82158e-09,0.00014517765,5.0965813e-08
7.0,1.234967e-18,2.4055422e-14,2.2955196e-07,0.008076431,2.289722e-10
7.0,7.4288665e-13,3.554794e-10,9.604684e-06,0.0008172968,1.1417744999999998e-06
7.0,3.6567137e-15,1.0994089e-12,1.3206781e-08,3.848917e-05,1.0274799e-09
7.0,3.216632e-17,2.407432e-14,1.2858485e-10,1.6739159e-05,4.3359945999999995e-10
7.0,4.1399648e-10,1.3271489e-08,9.116944e-07,0.0035321473,8.3928335e-06
7.0,2.7028511e-18,2.2272382000000002e-15,7.154883e-14,5.3972923e-05,3.3338445e-12
7.0,6.3793545e-12,1.4061577e-10,2.7624216e-07,0.001364869,1.793637e-06
7.0,1.802988e-10,3.615335e-11,3.7648904e-05,0.0042328470000000005,1.989586e-06
7.0,7.246149999999997e-21,1.4203606000000002e-15,2.483604e-11,3.805833e-08,2.2395439999999999e-13
7.0,5.5795749999999985e-22,6.7668774e-17,6.688127e-14,3.6362638e-07,2.3848654000000002e-11
7.0,8.367877500000002e-19,5.3175807e-14,3.7746209999999995e-11,0.0033114448,8.780772e-12
7.0,4.933385e-21,9.007141e-16,2.1496758e-15,3.9714447e-05,1.3695e-13
7.0,1.2198408999999999e-14,2.8246446999999997e-11,3.6532958e-07,0.017171295,3.5509253e-09
7.0,2.0747191e-14,6.8108115e-12,4.8592934e-09,0.0004763219,1.21837544e-08
7.0,9.469855e-23,1.5578736e-18,1.2633753e-13,3.4043264e-06,3.272272299999999e-14
8.0,1.534248e-08,7.685178e-09,1.9344947e-12,1.0439334e-09,0.99999344
8.0,2.2601728e-06,5.301202e-08,8.7452255e-15,1.0464910999999996e-21,0.9999975
8.0,4.8234007000000004e-14,2.371358e-18,4.2319444e-22,1.4671909000000002e-24,1.0
8.0,6.9659817e-10,7.7316646e-11,1.2708583e-15,1.997255e-12,0.99999976
8.0,1.5963199e-06,5.95369e-09,3.4815614e-18,2.1185497e-24,0.9999734
8.0,5.700764e-08,1.1395108e-09,1.6669569e-11,2.628223e-16,0.9999999
8.0,3.9690265000000005e-11,1.3632634999999998e-14,3.3880518e-18,1.2712386999999999e-19,0.99999976
8.0,0.0011245812,4.7123067e-06,3.692833e-11,2.138519e-12,0.9988707
8.0,1.0603572e-10,1.0384006e-15,2.2718597999999997e-22,2.095275e-23,1.0
8.0,1.5221173e-09,4.5155299999999994e-15,1.7266357e-19,3.3117532000000006e-18,1.0
8.0,1.7214257e-06,1.2248839e-09,1.9308368e-15,2.9435233e-15,0.99999833
8.0,2.7760585e-08,1.9013359e-12,4.5465706e-16,1.399559e-18,1.0
8.0,1.0367635e-06,2.706515e-07,1.8623126e-08,1.436546e-13,0.9996804
8.0,5.075064000000002e-13,1.7091211e-13,1.0172263e-20,1.3665679e-21,1.0
8.0,2.798213e-09,6.9964234e-09,2.0704645000000002e-12,2.3369042000000002e-15,0.99999964
8.0,1.2966108e-05,4.393495e-05,4.795699e-10,6.362832e-19,0.999943
8.0,9.0366434e-08,2.042486e-09,5.692594000000001e-15,2.2789859999999997e-22,0.9999999
8.0,3.0175827e-11,9.891697e-13,6.766285000000001e-24,8.015656999999998e-25,1.0
8.0,0.001673485,5.5088526e-07,3.7103892e-16,3.4585993e-21,0.9983259
8.0,5.16401e-06,2.0149772e-11,5.1380587e-15,2.855953e-17,0.99999475
8.0,5.9438e-11,3.0878404e-15,5.777399999999998e-19,6.1808659999999995e-27,1.0
8.0,9.2173483e-17,3.9862123e-18,3.1799603999999997e-21,4.083066000000001e-24,1.0
8.0,2.1872974999999995e-08,1.3270520000000005e-09,5.5427985e-15,1.0225448000000002e-16,0.99999416
8.0,1.2489508e-10,7.4492953e-11,2.6664882000000002e-11,2.066668e-13,0.99999976
8.0,1.2191188e-14,4.3156326e-19,4.076888200000001e-16,2.712119e-15,1.0
8.0,1.0874034999999999e-13,4.8266190000000005e-15,1.02684194e-25,1.2673341e-30,1.0
8.0,5.6099736e-07,3.6318426e-09,1.6486330000000005e-14,1.0294212e-19,0.9999994
8.0,1.2930108e-05,1.0522237e-08,6.7764284e-13,4.334201e-17,0.9999856
8.0,1.3813862e-08,3.369884e-11,9.908003e-11,3.3938092999999995e-14,0.8919004
8.0,3.7016052e-09,3.5007007e-13,7.758032e-23,6.226110999999999e-35,1.0
8.0,1.6079438e-08,1.3727736e-08,7.374132e-15,3.3081495e-21,1.0
8.0,1.3210512e-10,3.0287044e-08,2.4303952e-15,2.3889882e-20,1.0
8.0,2.8282056e-11,2.9588545e-12,5.0782807e-16,4.983683e-18,1.0
8.0,2.6935226e-10,1.2031782e-06,9.498327e-13,3.1519752999999996e-20,0.9999988
8.0,5.554799299999999e-08,2.9175959999999995e-09,1.04669946e-17,3.8171974e-21,1.0
8.0,8.368609e-08,3.377756e-08,1.4017147e-13,8.337884599999998e-17,0.99999917
8.0,9.696807e-16,1.4216328e-16,1.5112823e-18,7.711648000000001e-23,1.0
8.0,2.2529272e-07,7.551123e-07,2.3761352999999997e-12,7.696162e-21,0.99999905
8.0,2.490856e-06,2.1052383e-10,1.5992908e-22,9.372914e-24,0.9999975
8.0,9.024698e-08,1.407418e-07,3.630386e-09,1.7378494e-13,0.9999969
8.0,6.533474000000002e-13,2.7258396e-16,4.0960263e-18,8.470738e-26,0.9999999
8.0,1.2524844e-08,1.9082422e-07,4.212075e-07,5.7865117e-13,0.99900985
8.0,9.839269e-10,5.768203000000001e-09,6.249693e-20,1.8320326e-24,1.0
8.0,8.477475e-12,2.3637247e-12,5.68013e-20,9.049017e-22,1.0
8.0,1.3049942e-06,1.24802675e-08,6.3211265e-15,1.9600965e-18,0.9999987
8.0,1.4129185e-07,7.6229295e-10,2.951045e-14,2.9351022999999998e-18,0.99999976
8.0,0.00030637198,2.9477907e-05,3.4698933000000004e-05,1.825695e-16,0.9636903
8.0,1.8010416e-12,2.3610525e-16,4.346040499999998e-22,2.0745862999999997e-25,1.0
8.0,0.004733050999999999,2.8506042000000007e-06,2.1407327000000003e-10,1.0454566e-15,0.9951073
8.0,3.2633193e-07,6.4852596e-14,2.5221256000000003e-22,1.1970580999999999e-29,0.99999964
8.0,2.029928e-07,1.6399342e-12,4.924947e-15,2.8510278e-21,0.9999875
8.0,1.0611052e-07,2.1921725e-11,5.640203e-21,1.7007654e-22,0.9999999
8.0,1.6998349999999998e-07,2.0817625e-12,8.806689e-20,7.8786954e-24,0.9999999
8.0,0.0005451918700000001,4.2859540000000015e-05,3.9842644e-07,7.761502e-11,0.9990835
8.0,1.9410974e-08,2.135605e-13,7.721420999999998e-23,3.655061e-21,1.0
8.0,2.0680133e-09,1.1491543e-12,4.875949e-18,2.9642848e-22,1.0
8.0,9.582699e-07,1.8388818e-07,1.0589774e-14,3.2747942e-23,0.9999988
8.0,2.867375e-06,4.6277102000000004e-10,3.9158727e-20,8.73289e-22,0.99999714
8.0,1.5759628e-10,4.4339094e-12,2.98388e-12,1.6827573e-17,0.9999994
8.0,1.1448126e-10,1.0612348999999997e-14,4.3545395e-13,7.6028853e-19,0.9999845
8.0,1.01650306e-16,8.397632e-13,4.0407484999999997e-17,2.3521915e-21,1.0
8.0,9.6605836e-14,9.968882e-13,1.4820209e-07,3.955532e-07,0.9995714
8.0,4.0114003e-21,2.1522509e-19,2.7256546e-12,0.026530005,1.0090869e-06
8.0,2.3856831e-15,5.686517e-11,1.5415202e-12,1.3979732e-15,0.99999774
8.0,9.870291e-12,1.0669566e-10,3.8945985e-11,1.9277526999999998e-11,0.9999999
8.0,1.0067837e-08,7.0253087e-16,2.8671647999999997e-18,3.6504407e-17,0.9999995
8.0,3.227854e-08,2.8912184999999998e-11,1.7131053e-14,5.202388300000001e-20,1.0
8.0,2.1352193e-12,6.858365e-10,1.8663388e-13,4.7081354e-18,1.0
8.0,3.9741238e-08,1.4759113e-13,8.1621355e-16,9.561624e-18,1.0
8.0,2.0763606e-09,5.601185299999999e-08,2.5950426e-09,8.946949e-19,0.9999999
8.0,1.4579383e-12,4.2045217000000006e-16,1.3711854000000005e-19,7.264476e-26,1.0
8.0,6.1226206e-06,4.7603817e-06,9.1180784e-15,5.421758000000001e-20,0.99998915
8.0,7.2127955e-07,2.8369273e-05,1.2937323e-12,1.0361151999999999e-22,0.9999709
8.0,3.458312e-10,1.1713339999999998e-09,7.4966666e-10,5.913975000000002e-13,0.9999982
8.0,2.6365063e-17,2.9761146e-14,1.7480136e-21,1.0713964000000002e-21,1.0
8.0,1.192169e-09,2.9487284999999995e-07,2.435125e-13,6.1001706e-19,0.99999964
8.0,2.2443742000000003e-16,8.344084e-15,3.2469872000000006e-16,8.826201e-14,0.9999975
8.0,2.6514704e-07,5.2235523e-09,2.2996901999999997e-15,2.5693968e-23,0.9999993
8.0,7.988032e-10,3.9175305e-11,7.820854e-14,9.0499025e-17,1.0
8.0,0.00010184413,1.8730595e-09,1.2226749e-08,4.3542665e-15,0.98789644
8.0,2.0426667e-06,2.6130342e-06,5.1326538e-08,5.936334300000002e-13,0.9999553
8.0,8.4886785e-11,6.793903e-07,1.5137582e-14,2.0625004e-19,0.9998801
8.0,3.074836e-10,5.5926023e-12,4.202107e-13,9.502265e-14,1.0
8.0,8.968709999999999e-13,1.9955419999999997e-12,1.9630268e-16,4.2313643e-14,1.0
8.0,3.692849e-19,1.7895249e-17,1.6038332999999998e-23,5.779902000000001e-23,1.0
8.0,9.895791e-09,4.2340365e-10,2.109178e-14,1.6476271e-15,0.99999607
8.0,4.2862157e-06,4.2890088e-06,1.694574e-08,1.8164465e-15,0.999676
8.0,7.571334000000002e-07,4.666496e-10,2.4805446e-12,4.758089e-18,0.99586844
8.0,2.6428737e-10,4.90039e-06,4.1264782e-12,5.5239280000000005e-18,0.9996258
8.0,2.158109e-06,9.23824e-09,1.6275333e-16,8.001925999999999e-24,0.99999785
8.0,5.201327e-10,4.3423620000000007e-16,3.4185823999999996e-15,2.0117499e-17,0.99997795
8.0,2.044118e-10,2.1202603e-12,1.4957555000000001e-12,5.4769426e-21,1.0
8.0,5.3592988e-11,6.813279e-10,6.9465873e-17,2.941649e-18,1.0
8.0,4.2974455999999995e-12,4.0354823e-16,4.883999700000002e-22,2.430752e-19,1.0
8.0,1.1155935e-07,1.8203278999999999e-10,2.9531972e-17,8.90125e-22,0.9999999
8.0,4.0282444e-07,5.4638313e-08,9.5489026e-14,1.3481055e-15,0.999998
8.0,5.842035e-08,6.8682976e-11,8.108204000000003e-15,1.2445509e-19,1.0
8.0,2.52652e-11,1.8795583999999998e-13,2.7530745e-13,3.381045200000001e-14,0.99999905
8.0,1.1653471000000004e-15,7.433679e-20,6.303093599999998e-32,1.7965118999999995e-28,1.0
8.0,1.8392342000000004e-07,3.3710485e-06,6.077514e-15,1.0602565e-20,0.99999595
8.0,7.0030464e-06,3.8083328e-06,1.8657033e-06,1.6751229000000002e-11,0.99993527
8.0,2.7850144000000003e-16,4.456306e-14,1.2038843e-17,2.629043e-10,0.99999595
8.0,2.4504956e-07,7.0006895e-10,3.6278527e-10,5.081034e-14,0.9999993
8.0,0.0013374747,0.1905603,5.212505999999999e-08,2.3391935e-16,0.76654744
8.0,3.7776927e-06,5.4043936e-10,1.6091279999999994e-15,1.3081219e-15,0.9999958
8.0,7.2867537e-13,7.153075e-08,2.274107e-13,3.0764627e-20,0.9999999
8.0,3.7079587e-07,3.1192567e-07,3.4107316000000004e-08,5.5566660000000015e-08,0.99999833
8.0,2.8166212e-06,6.871849e-08,2.6123298e-10,9.3165953e-14,0.99999666
8.0,1.6476723e-10,3.6116736e-09,7.658803999999999e-12,2.2058647000000001e-13,1.0
8.0,6.5069783e-15,3.0727528000000004e-15,5.4632624e-18,1.3931106e-15,1.0
8.0,7.1251603e-12,2.5345067999999997e-10,4.623587e-13,4.7077295e-15,1.0
8.0,4.3076893e-11,3.165539e-10,2.6672805e-16,3.9523554e-18,0.9999999
8.0,2.6688878000000005e-07,2.5132076e-08,6.5753646e-17,1.2619227e-20,0.99999976
8.0,4.748296e-14,3.1004764e-15,9.219051e-18,1.3826587999999996e-13,0.99999833
8.0,8.195736e-09,1.6365762e-07,1.2457058000000001e-10,6.580782e-18,0.9999999
8.0,8.372284e-09,2.3308786e-14,1.3487418e-21,1.8745293999999997e-21,1.0
8.0,1.6421995000000005e-07,2.7092197999999996e-10,1.3675468999999999e-15,6.6146795e-19,0.99999976
8.0,3.3809755e-10,5.49048e-11,9.115416e-09,7.617261e-09,0.9956827
9.0,1.3787657000000001e-11,5.0013442e-09,2.8814984e-05,3.9957850000000006e-06,2.6009386e-07
9.0,4.0378427e-14,2.125869e-08,1.3012546e-07,6.4863546e-09,2.6479648e-07
9.0,4.688178e-09,1.3038792e-05,0.00011047295,1.2819702e-05,0.00010617638
9.0,6.860694e-09,3.4383127e-06,0.0029313043,2.2016e-07,9.2355964e-05
9.0,4.8015936e-10,8.6370854e-08,2.0411037e-06,2.9188695e-05,1.6857119e-05
9.0,1.6869821e-09,1.0773383999999998e-06,2.5073557e-06,2.073176e-09,1.5400441e-05
9.0,1.892434e-11,2.07475e-06,2.1016733e-07,8.077165600000001e-08,3.5673354e-05
9.0,3.221178e-11,5.134355e-08,2.0083046e-06,1.0182134e-08,1.6048709e-05
9.0,2.9937496e-08,4.363187e-05,0.002307228,7.0483375e-06,5.1340157e-05
9.0,1.6066638e-10,9.842521e-09,1.16435636e-07,2.5738216e-09,5.7943913e-07
9.0,4.1068964e-11,3.7249785e-07,3.7425243e-06,1.2229124e-09,6.9739215e-08
9.0,1.7700992000000005e-11,5.5275926e-09,6.083763000000001e-09,5.649328e-12,7.233127e-05
9.0,1.5775196e-14,3.3115288e-10,1.3310941e-07,1.3215926e-12,6.2149144e-09
9.0,6.1408196e-12,9.033492e-08,2.8892111e-06,2.4020943e-11,2.624949e-07
9.0,4.8686769999999986e-21,1.1112568e-16,5.9164607e-09,4.578876e-13,1.0306917999999999e-11
9.0,1.610886e-08,0.0008239066,6.755137e-05,2.7122213e-10,3.4298562e-05
9.0,1.01688045e-08,4.4312240000000015e-06,0.0011072357,1.8859904e-05,4.7284422e-05
9.0,5.2497295e-09,6.496337e-06,1.3500126000000002e-07,1.6422005e-12,0.0024604888
9.0,3.1694601e-12,2.8075115e-07,9.095704e-05,6.0272893e-09,1.6232816e-05
9.0,2.1283154e-13,4.4435836e-08,4.2546856e-07,1.3170581e-08,1.8427174e-07
9.0,4.161952e-14,6.101784599999999e-10,2.3347293e-09,4.4099116999999996e-11,1.5450153999999996e-06
9.0,3.291265e-13,3.130448e-08,5.1006683e-08,9.756626e-15,2.4063381000000003e-06
9.0,2.8126483e-12,1.0928958e-09,5.3686715999999985e-08,6.450890000000001e-08,9.603259e-08
9.0,1.9733374e-08,5.5813548e-08,2.3354798e-05,1.4277125e-09,0.00020391087
9.0,6.843755000000001e-16,8.731541e-11,3.6274164e-10,7.064103e-07,1.9725816e-08
9.0,1.5873716e-11,2.5415042e-05,4.507635e-08,1.2992447e-11,1.7403336e-05
9.0,3.152642e-11,5.695016500000001e-07,1.9649869e-07,1.7613188000000005e-07,0.0005953379
9.0,1.3297697e-09,5.4582127e-08,6.666469e-05,4.2218306e-07,9.883967e-07
9.0,1.9266151000000002e-10,1.3327062e-06,9.984603e-05,1.3947991000000002e-08,1.6953334e-05
9.0,1.9303836e-13,4.662214e-08,2.6152264e-07,1.8855676e-11,1.324057e-06
9.0,3.0443813e-15,4.5180566e-09,3.8290824e-07,9.600014999999999e-17,1.2397072e-08
9.0,2.6303548e-10,0.0001473583,5.617798000000001e-07,1.8703674e-09,1.0514368e-05
9.0,1.6922971000000002e-10,3.4874052e-08,6.7721467e-06,4.3316794e-07,0.00036285527
9.0,3.1459338e-12,6.6114523e-09,8.5479765e-09,4.9310597e-06,3.3361935e-08
9.0,1.948251e-06,0.00073512143,9.749681e-05,6.4980613e-06,0.0007616369
9.0,6.349423e-13,2.8466294e-08,0.00012366488,8.580715e-09,6.2371726e-08
9.0,6.3796445e-13,5.583352e-08,3.2171275e-07,5.693653600000001e-17,6.235244e-07
9.0,2.6311708000000008e-15,6.7367073e-10,4.7556362e-08,5.2968225e-08,3.7753933e-09
9.0,6.9646146e-14,2.9477795e-07,7.3364695e-06,1.949933e-08,1.4719085e-07
9.0,1.4699999999999995e-43,1.5415328999999999e-30,1.7070835e-22,1.0089216e-12,1.3340998e-24
9.0,2.1409247e-15,9.8181934e-14,1.3066587e-07,3.642517e-11,3.4310958e-07
9.0,4.7313116e-14,3.7317523e-08,3.631528e-06,2.6673662e-11,3.5424728e-07
9.0,3.195863e-14,7.0085204e-09,1.049907e-07,4.7409637e-07,1.9119334e-06
9.0,1.5033986e-11,1.3401065e-08,1.6292975e-05,4.693352400000002e-06,1.9182316e-05
9.0,1.3039301e-08,9.2865914e-05,1.6124523e-05,1.2933688e-11,0.0001272774
9.0,1.4648389e-09,7.983278999999999e-08,3.4004572e-06,0.0004156434,0.00093931647
9.0,2.122098e-09,0.0020355713,0.00013538875,2.866875e-13,2.9243956e-05
9.0,2.8415403999999997e-11,2.8913453e-08,1.9904778e-06,1.1067357e-06,1.2325922e-05
9.0,4.5735859999999997e-11,1.3609856e-07,1.8592465e-05,1.3502546999999998e-06,3.5081373e-06
9.0,5.4767582999999996e-11,1.2160018e-06,1.4805403e-05,4.944588e-13,1.039792e-06
9.0,3.6677293e-12,1.5696376999999997e-06,1.3254615e-07,5.3844464000000005e-12,2.543913e-06
9.0,1.2234602e-13,3.2007737999999996e-10,4.3790845000000005e-08,2.5920016000000003e-10,3.353807e-06
9.0,2.9527363e-09,6.5499887e-07,6.545908e-06,3.9804294e-07,1.613039e-05
9.0,1.9446435e-10,7.307075e-07,0.00018193842,3.4587118e-09,3.7866295e-05
9.0,2.9722745e-11,2.9857586e-07,0.00012405723,0.00033231874,1.4526807e-06
9.0,2.6229063e-10,2.2220580000000003e-09,3.3819892000000006e-06,0.000412811,5.5595237e-06
9.0,2.3935718e-09,1.1279962e-05,0.0004701345,8.684326499999999e-08,0.00013258882
9.0,4.5543276e-09,6.966642399999999e-07,6.7860325e-05,5.1029037000000015e-08,4.150337e-06
9.0,2.0444142e-08,3.421979e-05,0.0033496437,2.1594771e-05,5.104791e-05
9.0,4.903979e-11,8.543073e-09,7.2000773e-07,7.674031e-05,2.403515e-07
9.0,4.705527600000001e-21,1.2492918e-15,2.3732051e-11,9.763319e-10,3.1245672000000007e-12
9.0,5.5078172000000005e-14,8.3224636e-11,1.6375477e-06,6.061715400000001e-08,6.782522599999999e-08
9.0,2.1945516e-12,6.6006783e-06,1.989287e-06,2.5038512999999997e-10,1.1513549e-06
9.0,1.0154278e-11,1.6149699999999998e-07,5.5362025000000015e-06,1.2528131e-10,1.5334339e-06
9.0,6.09607e-08,1.1483435e-06,2.013611e-06,4.5021826e-09,0.00024631197
9.0,5.197878e-10,8.734778999999999e-06,0.00011135665,6.40359e-05,1.2341295e-05
9.0,1.5138281e-13,1.0017247e-06,2.4090602e-07,1.379221e-10,3.137378e-07
9.0,3.9851892e-13,2.3731052999999996e-10,1.6371938e-06,7.758990999999999e-09,3.228897e-07
9.0,7.642861e-08,5.1586787e-05,2.5465737e-05,3.6595557e-14,3.148839e-05
9.0,7.280979e-15,1.1599869500000001e-11,1.3106165e-06,0.00024863807,1.350149e-10
9.0,4.6877124e-22,8.0051455e-13,7.469968000000002e-11,3.8709006e-14,1.3049647e-11
9.0,1.00344744e-16,2.8927003000000002e-11,2.0533487e-06,4.7137720000000005e-08,3.7316786e-10
9.0,1.1593793999999999e-10,7.268619699999998e-07,2.4815981000000004e-06,2.5272173e-10,4.275322e-06
9.0,7.587823e-09,1.9914464e-07,5.4657503e-06,1.9041968e-09,0.000192007
9.0,8.902075e-10,2.8090087e-08,3.1470238e-06,1.6660556e-07,6.939135300000002e-06
9.0,1.4205355e-12,1.1422758e-07,0.00014445788,3.2686853e-10,4.0683292999999985e-08
9.0,1.0352163e-08,8.21983e-05,0.0002697153,2.1903346e-10,0.00045201866
9.0,6.301038e-09,1.6796900000000002e-05,5.6403453e-05,5.214944e-09,9.91824e-05
9.0,4.1542045e-15,4.379838e-11,8.6345736e-11,1.8634117000000003e-11,4.9591070000000006e-08
9.0,3.9480295e-09,2.090596e-06,9.018826e-05,3.6890417e-12,8.8751285e-06
9.0,3.9789794999999995e-21,1.3314107000000001e-11,7.721614e-10,4.3107248e-16,6.217614000000001e-11
9.0,7.748621e-22,6.892888e-17,3.7095798e-13,3.237972e-10,8.347621600000001e-13
9.0,5.026286e-17,1.8408533999999998e-10,8.952501e-09,4.0202226e-06,8.847021e-09
9.0,2.5914976999999998e-11,3.846487e-07,4.1776025e-06,2.9399184e-08,4.191996e-05
9.0,7.7631776e-11,9.155861e-08,8.4624463e-07,1.3417976e-09,2.7099253999999995e-06
9.0,9.343322e-08,1.8142082e-05,0.0001281757,1.724368e-10,1.8421717e-05
9.0,9.553346999999999e-11,9.761515e-07,1.0327003e-06,2.1804553e-11,1.629552e-06
9.0,3.2194711e-12,2.1546770000000006e-07,5.2995038e-08,2.2301395e-08,5.6879294e-06
9.0,4.3726605999999995e-10,4.4310258e-07,0.0011718695,4.1456826e-07,2.8947425e-06
9.0,9.726112e-15,2.0746231e-08,2.4881120000000003e-06,2.2166643999999998e-10,1.3937688e-08
9.0,5.2306033e-12,6.8517625e-07,9.8827495e-06,1.0445054e-09,3.7320942e-07
9.0,5.5321364e-12,1.8954483e-07,1.2001053999999998e-06,3.2947957e-11,1.5623087e-07
9.0,1.2941213999999999e-14,9.777137e-07,1.7383383e-06,1.2993155e-10,1.1665177e-06
9.0,9.88474e-13,8.6267065e-09,7.928638e-06,7.861086e-10,2.1754653e-08
9.0,2.1065686e-14,2.4602535e-08,7.000674000000001e-08,3.6915788e-09,1.3666329999999998e-06
9.0,9.811171999999999e-17,3.7797157e-10,1.3115995000000002e-07,1.3678547000000001e-14,2.2386899e-10
9.0,2.1580487e-07,9.541051e-06,1.4590764e-06,2.6498748e-09,4.701087000000001e-05
9.0,1.1970901e-09,4.4866814000000014e-05,0.00030712262,1.0399707e-09,1.9337956e-06
9.0,6.119828000000001e-13,3.1986566e-08,8.827564000000002e-08,2.245469e-11,1.4606086e-07
9.0,1.0880700500000001e-10,1.3353213e-06,3.838095e-06,1.7736477e-07,1.3493678e-05
9.0,8.876953000000002e-11,5.454094e-05,1.0663267e-05,1.4209125e-15,7.0032056e-06
9.0,6.61609e-16,6.135081e-12,1.0146144e-08,6.991321999999999e-07,6.862269e-08
9.0,1.1588791e-08,9.026011e-06,7.931429e-08,2.1046073e-16,0.00030760956
9.0,1.1907085e-17,2.7826245e-14,0.00029969055,7.490672e-12,7.953632e-06
9.0,8.7106566e-10,0.0005206764,0.0018201516,1.9309445e-09,9.055538e-05
9.0,3.4127937e-14,5.9992019999999995e-09,8.730635e-09,1.7918772e-09,2.9990663e-06
9.0,3.9878465e-12,7.092159999999998e-07,1.2975073e-06,3.6195238e-09,3.5938167e-05
9.0,3.1430356e-09,6.138458e-08,1.9663177e-05,8.933458e-06,5.7463705e-05
9.0,1.3053191e-11,1.979806e-08,3.0830183e-06,6.42312e-07,6.732383e-08
9.0,7.501281e-12,6.465106e-07,9.486891e-07,1.3729903000000002e-06,2.5736046e-05
9.0,6.763168e-14,9.331607e-08,1.0963876e-05,3.28785e-09,4.207663e-09
9.0,1.9588675999999998e-20,2.8762617000000007e-12,9.2756115e-11,7.1048303e-16,2.5296915e-10
9.0,7.267203000000001e-19,5.3777707999999996e-11,2.8781633e-10,7.871304e-13,6.783988000000002e-09
9.0,1.6333968000000002e-16,5.4497373e-10,1.090104e-09,3.0413877e-13,9.808531999999998e-09
9.0,1.6828261000000002e-12,7.990619e-10,3.6765684e-07,0.0011108499,5.2274765e-07
9.0,5.0406283e-13,3.7961335e-08,1.8517267e-07,2.6341757000000004e-10,4.398117e-07
9.0,1.997452e-15,1.5898781e-09,5.2490376e-09,7.054008000000002e-13,6.5853007e-09
9.0,1.328173e-10,3.773385e-07,1.8709133e-07,2.9445474e-07,1.517605e-05
